Season,Team,Inn,rSZ,rCERA,rSB,rGDP,rARM,rGFP,rPM,rTS,DRS,BIZ,Plays,RZR,OOZ,FSR,FRM,ARM,DPR,RngR,ErrR,UZR,UZR/150,Def
2011,Diamondbacks,12990,12,2,5,1,-6,5,37,0,57,2160,1812,0.839,554,21,18.4,-4,-0.8,58.6,6.9,60.6,7.2,110.4
2009,Mariners,13074,0,0,12,3,0,-6,66,,80,2297,1945,0.847,526,5,-35.1,-0.2,6.1,92.3,-12.2,86,11.8,96.9
2008,Phillies,13047,0,1,-4,-4,18,2,63,,76,2237,1839,0.822,477,,15.9,21.3,0.3,42.2,2.7,66.5,13.6,96.7
2007,Royals,12936,0,-4,-1,7,-2,0,38,,43,2495,2105,0.844,385,,,9.3,3.1,63.2,-3.3,72.3,11.4,75.3
2008,Rays,13119,0,-4,0,3,2,-2,9,,15,2267,1897,0.837,450,,-21.7,5.4,3.4,65.9,-2.1,72.6,11.4,71.1
2013,Royals,13035,-9,3,2,5,15,15,30,-2,67,2144,1805,0.842,548,50,-9,17.7,4.4,33.4,4.8,60.3,11.6,68
2012,Rays,13137,17,-2,4,5,0,-3,21,10,52,2107,1736,0.824,458,-10,28.4,0.6,4.7,15.9,-13,8.2,1.8,66.7
2014,Royals,13056,-9,4,4,-4,5,6,24,-5,27,2286,1880,0.822,541,42,-13.1,9.9,-7.1,41.8,7.2,51.8,7.1,65.5
2009,Reds,13125,0,0,1,-3,13,3,9,,34,2264,1906,0.842,479,20,25.1,14,1.4,29.1,3.7,48.2,8.7,61.1
2008,Athletics,12915,0,2,3,12,1,3,20,,57,2289,1940,0.848,436,,0.8,0.8,9.9,31.1,-5.4,36.4,6.1,60
2008,Astros,12828,0,2,-2,4,2,4,4,,17,2286,1938,0.848,441,,-1.2,4.3,2.2,29.2,16.3,52,7.9,59.8
2011,Rays,13041,-16,0,1,4,6,12,38,10,65,2106,1779,0.845,545,40,-20.6,1.2,5,44.5,6.6,57.3,9.3,59.8
2006,Royals,12837,0,1,3,9,-3,0,21,,30,2556,2136,0.836,357,,,5.6,2.1,44.5,-1.7,50.6,7.6,58.6
2008,Red Sox,13017,0,2,0,0,-7,8,12,,17,2313,1935,0.837,366,,-7.9,-4.3,0.5,56.3,4.7,57.1,7.2,58.1
2009,Giants,13014,0,-5,1,-3,5,-11,35,,17,2080,1761,0.847,440,-26,5.1,-1.6,-6.9,65.7,-0.8,56.3,7,57.6
2010,Giants,13149,7,3,4,1,7,0,0,0,23,2103,1775,0.844,411,1,1,7.2,-1.4,36.4,14.3,56.5,9.4,56.8
2010,Padres,13107,-7,1,0,-3,-5,8,63,1,70,2192,1832,0.836,441,14,11.1,-4.1,-1.2,36.4,14.4,45.4,5.1,55.3
2012,Braves,13008,22,2,3,-1,2,11,48,0,85,2178,1821,0.836,531,5,37.6,8.7,2.5,27.5,5.7,44.4,8.2,53.7
2014,Rays,13173,9,1,-1,-4,-4,-4,-16,1,-26,2096,1702,0.812,500,25,24.2,1.7,-4.9,10.2,-0.1,6.9,0.3,53.2
2018,Angels,12936,2,0,4,7,-5,2,53,-14,47,1977,1617,0.818,537,19,5.7,-1.1,6.1,18.8,17.4,41.2,5,50.2
2007,Cubs,13020,0,-5,-10,2,12,8,18,,16,2267,1906,0.841,326,,,14.6,5.3,44.4,2.9,67.1,13.6,49.1
2006,Tigers,13032,0,1,4,10,8,-2,18,,54,2478,2081,0.84,348,,,5.9,3,28.6,-2.5,35,6.3,48
2006,Mariners,13020,0,-9,1,4,7,-1,50,,54,2377,1979,0.833,395,,,12.6,5.5,23.9,0.1,42,8.3,46
2013,Orioles,13077,-2,-12,3,7,5,6,7,10,26,2138,1807,0.845,499,45,-4,5.9,5,14.9,11.2,36.9,6.6,45.7
2009,Rays,12846,0,-2,-2,-5,11,7,36,,41,2195,1821,0.83,564,44,10.2,8.5,-6.2,54.3,-7.2,49.3,8,44.9
2014,Red Sox,13191,9,-3,2,-8,10,5,35,8,51,2247,1838,0.818,514,-2,14,9.5,-4,29.2,11.8,46.4,7.2,44.9
2011,Reds,13209,7,1,-2,-4,1,-5,52,1,61,2295,1955,0.852,479,32,10.9,3,-3.9,29,10.4,38.5,5.2,44.5
2010,Reds,13077,5,-4,0,0,-1,13,21,2,43,2307,1940,0.841,423,44,16.3,-2.6,2,19.1,19.4,37.9,4.7,43.9
2016,Cubs,13137,19,0,2,-1,-4,-5,88,22,107,1947,1661,0.853,467,49,15.2,1,-1,42.8,4.3,47.1,6.4,43.1
2019,Athletics,13185,-11,-4,1,-7,9,-5,60,-12,36,2116,1747,0.826,534,,-7.9,8.1,-1.2,14.3,18.7,39.9,5.9,42.9
2011,Angels,13185,10,1,-1,6,7,13,-2,1,29,2280,1950,0.855,518,17,9.9,3.8,6.7,23.6,7.8,41.8,6.6,42.9
2015,Royals,13068,-8,-2,3,-7,3,7,44,-14,35,2209,1869,0.846,503,39,-10.7,4.2,-8.1,32.5,8.1,36.8,4.7,42.8
2018,Royals,12888,-10,-1,5,-6,1,-5,6,25,13,2137,1706,0.798,624,-1,-13.5,4.9,-4.3,26.2,7.7,34.5,4.7,42.5
2014,Orioles,13152,1,2,0,11,9,12,21,8,58,2196,1815,0.827,546,40,6,14.2,6.6,20.7,-0.2,41.3,8.6,41.9
2007,Braves,13107,0,1,-2,2,16,4,44,,59,2364,1940,0.821,460,,,21.9,-1.4,27.2,-2.3,45.5,10.2,40.5
2014,Reds,13014,-7,2,0,-1,4,11,28,18,65,2165,1805,0.834,421,34,-0.7,5.7,-1.1,19.7,9.4,33.7,5.6,39.8
2019,Cardinals,12996,-13,0,2,2,5,-3,69,16,91,1919,1576,0.821,566,,-10.9,5.3,5.7,9.5,12.2,32.8,6.1,39.8
2010,Diamondbacks,12888,10,-2,-4,3,2,-4,15,-2,15,2327,1932,0.83,437,3,7.7,-0.6,3.5,52.1,-1.3,53.7,7.2,39.7
2019,Indians,12939,20,7,1,0,8,11,17,19,82,1881,1542,0.82,550,,13,13.5,-0.5,8.1,11.8,32.9,7,38.9
2017,Red Sox,13341,31,-1,6,-4,5,15,23,6,79,1930,1581,0.819,529,19,12.3,0.7,-5.2,32.1,0.1,27.7,3.1,38.7
2007,Tigers,13026,0,4,1,4,1,-3,33,,42,2505,2083,0.832,382,,,5,-2.1,28.2,1.5,32.6,4.8,38.6
2007,Phillies,13125,0,3,4,0,26,-3,16,,47,2455,1989,0.81,409,,,11.5,-0.6,20.5,1.2,32.6,6.1,38.6
2018,Athletics,13191,-1,-8,4,0,-4,-2,40,23,54,2067,1763,0.853,594,9,-2.8,-1.8,0,29,9.5,36.7,4,37.7
2012,Angels,12900,-7,0,-3,-1,2,23,28,-3,41,2242,1883,0.84,471,34,-14.8,4.3,0.7,34.7,-4.5,35.2,5.5,37.6
2017,Angels,12966,16,3,4,7,-3,3,23,-9,46,2134,1738,0.814,522,19,24.7,-0.4,3.7,15.4,10.6,29.3,4.2,37.3
2011,Rangers,12972,-12,-3,2,7,-5,-5,7,3,-5,2074,1752,0.845,510,48,-11.9,-3.4,7.4,36.9,-10.6,30.3,4.2,36.4
2016,Red Sox,12957,3,1,4,1,7,12,24,17,69,1993,1646,0.826,521,34,-2.1,5.8,2.6,16.4,4.5,29.3,5.2,36.3
2019,Phillies,13083,1,-2,10,-4,5,-2,28,6,51,2007,1621,0.808,541,,8,8.2,-8.1,14.1,6.9,21.1,3.4,36.1
2008,Cardinals,13086,0,-2,6,3,3,3,47,,69,2428,2058,0.848,458,,18.3,2.6,0.1,2.4,14.1,19.2,2.8,36
2016,Marlins,12915,1,-10,0,-4,7,3,5,4,4,1984,1640,0.827,476,24,-8.1,4,-2.2,18.4,12.1,32.3,4.8,35.3
2006,Astros,13218,0,3,-3,4,3,7,38,,56,2384,1997,0.838,400,,,-2.3,4.5,25.9,8.8,37,4.8,35
2006,Twins,12954,0,-2,-1,-5,1,8,3,,15,2456,2019,0.822,329,,,1.9,-6.3,32.6,2.5,30.8,4,34.8
2012,Diamondbacks,12903,8,0,3,-5,5,6,13,1,32,2203,1829,0.83,462,19,10.9,6.4,-1.6,-24,18,-1.2,0.9,34.7
2016,Angels,12792,0,1,3,-1,4,13,-1,17,38,2129,1690,0.794,562,0,-6.9,5.9,1.1,25.5,-6.8,25.7,4.7,34.7
2010,Twins,13074,-2,3,3,-2,4,6,-23,0,-2,2398,2042,0.852,386,10,4.3,1.9,-4.6,16.4,14.4,28.1,3.6,33.8
2008,Mets,13179,0,-1,-1,-5,-1,5,28,,33,2241,1866,0.833,449,,5.8,1.9,1.8,26.6,1.5,31.8,4.9,33.5
2013,Rangers,13170,-1,-2,1,3,8,0,12,3,29,2127,1775,0.835,506,26,-9.9,11.4,1.2,20.1,-2.2,30.5,6,33.1
2008,Cubs,13056,0,3,-3,-3,0,-10,-4,,-19,2112,1761,0.834,427,,-6.8,2.2,2.1,29.8,-3.7,30.3,5.1,33
2009,Tigers,13023,0,-3,5,1,9,9,3,,25,2246,1890,0.841,471,41,-33.8,5.9,-0.2,18.3,2.6,26.5,4.6,32.6
2016,Giants,13143,10,1,2,1,-3,1,43,14,75,2081,1730,0.831,543,51,25.5,-5.1,2.1,18.2,11.3,26.4,2.5,32.4
2016,Royals,12960,-12,1,4,-3,8,5,2,-4,10,2172,1760,0.81,510,38,-19.1,3.7,-3,11.3,9.2,21.2,2.9,32.2
2009,Phillies,13101,0,3,-1,1,12,10,-20,,7,2274,1917,0.843,369,47,9.5,13.5,-1,5,9.4,26.9,5.9,31.7
2009,Rangers,12912,0,-1,4,6,-9,1,20,,19,2315,1967,0.85,445,20,8.9,-6,4,28.4,0.5,26.9,2.8,31.2
2006,Giants,12867,0,0,-3,-3,-14,15,30,,32,2424,2053,0.847,351,,,-7.1,-4,36.3,5.8,31.1,2.2,31.1
2009,Pirates,12765,0,0,0,3,4,6,33,,45,2260,1878,0.831,538,2,-38.5,3.3,-2.2,10.1,18.4,29.7,4.2,31
2019,Diamondbacks,13185,3,-1,3,4,5,8,51,38,112,1859,1526,0.821,681,,5.1,9.7,0.2,7.9,3.2,21,4.7,31
2011,Red Sox,13116,7,0,0,-2,-7,-8,38,-1,18,2169,1830,0.844,489,16,-5,-3.5,0.1,42.1,5.3,44,5.3,30.4
2007,Giants,13083,0,3,2,-1,-5,-7,10,,2,2440,2026,0.83,388,,,-5.6,-0.8,20.8,12.7,27.2,2.5,30.2
2008,Blue Jays,13020,0,0,1,-3,7,5,41,,54,2288,1922,0.84,417,,8.8,2.9,-2.3,13.3,7.9,21.8,3.4,30.1
2018,Brewers,13149,6,1,2,1,0,5,71,18,107,1845,1512,0.82,607,0,7.1,-0.9,3.6,36.9,-14.6,24.9,4,29.9
2010,Athletics,12885,-1,5,-2,6,-8,10,56,0,73,2258,1913,0.847,418,32,-5.8,-6,7.8,17.2,6,25,2.6,29.7
2008,Brewers,13101,0,4,6,-5,-1,1,32,,44,2290,1898,0.829,454,,-2.8,-1,-2.7,24.3,-4.6,15.9,1.6,29.5
2018,Cubs,13287,-10,3,3,6,14,11,15,3,52,2094,1755,0.838,540,25,-19.9,14.2,4.9,-5.9,10.2,23.4,6.2,29.4
2017,Marlins,12984,-12,-7,2,3,-5,9,-1,11,13,2110,1712,0.811,557,3,2.2,-2.5,4.2,13.5,9.7,24.9,3.3,27.9
2012,Reds,13077,24,-1,3,-3,4,8,22,6,63,2171,1819,0.838,439,34,19.8,2.6,-2.5,4.8,5,9.9,1.5,27.8
2019,Royals,12825,-4,2,3,0,-4,6,4,-2,5,2137,1706,0.798,598,,-3.7,-2.4,3.8,0.7,18.2,20.3,2.3,27.3
2017,Dodgers,13002,25,1,4,1,0,2,16,22,59,1764,1453,0.824,513,19,25.9,2.2,3.1,21.7,-4.4,22.7,4.4,26.7
2016,Indians,13005,-3,2,3,-5,8,-3,11,22,41,2063,1711,0.829,534,7,7.5,4.5,1.5,17.3,-2.9,20.4,3.9,26.4
2018,Red Sox,13128,15,4,-2,-5,9,-3,-48,13,-18,1884,1533,0.814,556,7,22.8,19.1,-0.2,0.3,6.2,25.3,6.7,26.3
2012,Phillies,13062,10,-3,4,-2,11,12,-26,1,10,2081,1732,0.832,388,11,1.4,7.9,2.3,4.9,-1.6,13.5,3.7,26
2019,Angels,12984,-5,-1,-2,0,-7,-7,25,8,9,1991,1624,0.816,574,,-5,6.7,0.7,8.4,11,26.8,4.3,25.8
2013,Reds,13263,-3,0,0,-6,-1,1,25,11,28,2140,1822,0.851,477,18,-8.8,1.9,-2.7,22,2.6,23.8,3.5,25.6
2012,Red Sox,12987,12,-2,-3,6,1,4,49,7,64,2199,1857,0.844,494,-17,6.2,-3.4,7.9,12.2,13.9,30.6,3.6,25.4
2012,Cubs,12723,-9,1,-3,0,-10,-9,20,5,-8,2148,1773,0.825,466,-9,2.3,-5.7,-1,34,2,29.3,2.8,24.8
2012,White Sox,13011,-2,2,6,4,1,-9,1,0,7,2143,1807,0.843,476,-1,3.5,-1.4,5.6,1.4,12.1,17.7,2.8,24.2
2013,Yankees,13026,15,-4,2,-4,2,5,-7,15,24,2170,1765,0.813,561,1,25.6,3.3,-2.2,5.3,8.7,15.1,2.3,24.1
2018,Braves,13110,1,1,-1,-1,1,-3,67,8,67,1875,1554,0.829,604,23,1.5,-4,-3,28.6,6.3,27.9,2.6,23.9
2018,Indians,13116,13,2,-3,-2,2,2,4,15,29,1958,1618,0.826,514,19,8.1,11.5,-1.3,11.9,5.4,27.5,6.1,23.5
2017,Cubs,13026,-10,-2,3,0,-2,-2,28,20,36,1967,1627,0.827,462,23,-10.5,4.3,-2.7,19.4,3.5,24.5,3.9,23.5
2015,Twins,12987,-16,4,-3,-7,15,6,-30,-2,-38,2340,1932,0.826,472,-16,-13.7,19.4,-1.2,5.3,6.5,30,6.4,23
2016,Phillies,12933,-11,-1,0,-1,6,-9,-10,8,-11,2012,1670,0.83,507,-20,-11.3,-3.7,1.1,23.3,1,21.6,2.2,22.6
2011,Yankees,13125,24,1,0,0,6,6,-9,-1,19,2209,1834,0.83,512,16,33.4,7.3,1.2,16.9,-1.5,23.8,4.6,22.4
2013,Diamondbacks,13455,6,-4,-1,-2,11,-5,61,-5,69,2190,1833,0.837,559,44,8.6,10.9,-1,-2.2,16.1,23.8,4.8,22.4
2006,Cubs,12951,0,0,-4,-6,-7,-7,13,,-16,2223,1862,0.838,337,,,-11.3,-1.9,47.2,-2.8,31.2,2.1,22.2
2006,Mets,13152,0,-5,1,-3,3,4,35,,32,2368,1984,0.838,326,,,-1.1,-1.9,19.8,7.5,24.2,2.8,22.2
2007,Red Sox,12948,0,-2,-2,2,-8,13,6,,2,2418,1995,0.825,328,,,-6.4,-0.1,32.8,2.9,29.1,2.4,22.1
2014,Angels,13344,13,-1,-2,3,-4,5,-5,-10,-9,2219,1845,0.831,431,15,9.7,-5.2,3.6,13.2,12.6,24.2,2.8,21.9
2017,Rays,13005,12,-1,-1,0,6,-9,59,35,88,1983,1597,0.805,615,-1,0.4,0.3,-2.2,32.7,-7.9,22.8,3.1,21.8
2007,Twins,12930,0,3,-2,0,2,9,10,,27,2453,2004,0.817,358,,,-4.2,-3.9,26.1,-0.7,17.3,1.2,21.3
2017,Reds,12870,-20,7,6,0,17,8,15,6,52,2039,1646,0.807,537,14,-17.1,10.9,3.5,-4.5,2,11.9,4,20.9
2018,Rangers,12879,-17,-3,-2,1,-1,-3,22,7,3,2180,1783,0.818,557,-10,-23.8,8.4,2,12.7,2.6,25.6,4,20.6
2008,Giants,12978,0,0,3,-4,-4,-9,-19,,-33,2202,1854,0.842,398,,0.4,0.9,-3.9,35.1,-8.9,23.3,2.9,20.1
2011,Padres,13044,-13,0,-2,-4,-3,8,36,5,32,2093,1774,0.848,479,-7,-15.7,-4.1,-4.8,25.2,5.7,22,1.8,20
2013,Red Sox,13086,8,-1,-3,-2,6,5,15,8,22,2084,1731,0.831,519,20,2,-2.2,-2.7,21.4,8.2,24.7,2.6,19.4
2016,Dodgers,13077,13,1,0,-8,-2,-8,37,18,56,1877,1529,0.815,532,16,26.5,-6.7,-5.7,22.1,8.5,18.3,0.1,19.3
2013,Brewers,12984,26,-3,-1,-1,12,7,-6,19,44,2180,1786,0.819,589,3,44,10.8,1.5,18.9,-16.6,14.7,4.3,19.2
2018,Marlins,12978,1,-4,3,-2,-8,-10,14,25,29,1982,1631,0.823,624,-20,5.3,-4.5,0.4,8.1,4,8.1,0.4,19.1
2014,Braves,13095,-9,1,-2,4,0,-8,1,-5,-14,2157,1738,0.806,498,-6,-18.7,-1.4,6.5,19.8,-0.6,24.2,3.6,19.1
2006,Orioles,12771,0,-2,8,3,8,-7,-22,,-13,2474,2063,0.834,339,,,3.8,-0.8,-2.6,4.5,4.8,1.1,18.8
2008,Indians,12933,0,-2,-1,12,9,3,2,,24,2462,2036,0.827,427,,-2.4,5.2,4.7,5.3,4.8,20,3.9,18.7
2015,Rangers,12984,-4,2,-2,-2,5,2,-25,11,-12,2326,1896,0.815,526,12,-5.1,11.9,0.5,17.1,-9,20.5,4.2,18.5
2013,Marlins,13140,-14,0,1,1,-6,-10,16,-4,-10,2198,1857,0.845,522,-5,-14.9,-1,4.2,4.3,9.5,16.9,2.6,18.3
2015,Blue Jays,12969,2,0,5,7,1,-4,-18,22,25,2236,1857,0.831,517,21,6.9,-8,-1.2,15.4,3.5,9.7,-0.4,17.7
2013,Braves,13053,4,2,1,3,-7,-10,43,-3,38,2192,1843,0.841,468,-13,4.2,-6,4.3,6.9,4.6,9.8,0.2,17.2
2017,Cardinals,13053,7,-1,3,-7,6,0,-5,18,24,2115,1749,0.827,464,-13,2.4,0.9,2.6,2.2,2.2,7.9,1.3,16.9
2020,Rays,4749,-4,1,1,0,11,1,12,-2,24,653,525,0.804,254,,-2.9,11,1.6,5.3,-3.1,14.8,10.6,16.8
2007,Angels,12915,0,-1,-1,5,-2,-1,-12,,-13,2406,1962,0.815,374,,,2.3,1.9,17.1,-2.5,18.8,3.2,16.8
2007,Mets,13071,0,1,-1,-4,-11,-1,44,,18,2327,1956,0.841,393,,,-5.3,0.8,23.6,1.6,20.7,1.8,16.7
2013,Cubs,13032,-14,5,5,0,-2,-2,0,8,-2,2117,1800,0.85,517,-13,-21,-0.7,0.3,15.8,-5.1,10.3,1.4,16.4
2020,Padres,4683,2,-3,1,-3,-2,-4,17,-4,3,615,510,0.829,225,,-0.4,-0.8,-1.2,1.6,14.6,14.2,3.6,16.2
2015,Angels,12966,9,0,2,-2,6,7,-6,-21,-1,2153,1784,0.829,485,6,3.8,9.3,-2.9,4.1,1.5,12,2.6,16
2014,Nationals,13236,1,-1,7,7,1,6,-4,-14,17,2216,1825,0.824,431,25,-5.6,5.8,9.7,-9.1,-4.3,2.2,2.4,15.9
2020,Cubs,4665,2,-1,2,2,4,5,1,5,23,646,533,0.825,244,,2.5,2.3,-0.8,4.1,5.3,10.8,5.6,15.8
2018,Diamondbacks,13167,27,-1,0,2,-11,17,92,25,148,1963,1631,0.831,598,21,27.6,-15.8,-2.1,23.5,7.1,12.7,-1.6,15.7
2020,Rockies,4737,-1,1,-1,2,-5,4,20,-2,15,805,639,0.794,257,,-2.3,0.5,2.3,7.7,6.1,16.6,4.1,15.6
2020,Athletics,4638,2,0,0,-3,2,1,-14,-8,-19,700,568,0.811,223,,1.6,1.6,-0.8,3.2,11.6,15.6,5.3,15.6
2015,Cardinals,13182,-3,5,0,0,-9,-3,22,-14,2,2148,1753,0.816,500,15,6.3,-3.1,1.1,10.5,3.6,12.1,1,15.1
2015,Rays,13080,2,-6,2,-2,8,6,4,14,14,2016,1633,0.81,609,17,3.6,10.6,-0.4,12.5,-7.7,15,3.9,15
2017,Indians,12966,9,-1,4,5,7,16,-6,18,59,1827,1524,0.834,440,36,13.1,3.6,3.6,-10.6,8.2,4.9,1.8,14.9
2015,Giants,12999,8,1,-5,5,-3,5,18,-2,30,2229,1853,0.831,514,39,9.8,-5.2,3.8,15.6,7.7,21.8,2.1,14.8
2019,Red Sox,13239,10,0,1,-8,13,-5,-42,2,-28,1934,1598,0.826,502,,14.1,15,-5.9,-3.8,5.5,10.8,3.3,14.8
2016,Astros,13212,10,0,3,7,20,5,19,17,77,1998,1589,0.795,672,24,18.4,20.4,-2.5,-2.1,-5.1,10.7,5.1,14.7
2011,Giants,13212,30,1,6,1,1,-8,-1,1,29,2045,1732,0.847,501,-9,28.2,0.8,0.5,1.7,2,5,0.9,14.5
2017,Rockies,12939,-27,-2,2,4,-14,8,18,-8,-1,2118,1690,0.798,541,23,-9.6,-12.7,4.4,2.6,14.2,8.5,-0.8,14.5
2013,Giants,13026,9,4,0,-3,1,-8,10,-2,5,2079,1741,0.837,502,24,19.7,3.6,0.7,16,-5.7,14.7,2.7,14.3
2010,Nationals,12915,15,-3,2,-7,0,-6,8,-3,-2,2302,1895,0.823,444,2,15.8,-5.5,-5.6,26.7,-14,1.6,-1.2,14.2
2020,Indians,4824,3,0,3,2,-3,-1,22,-1,27,616,514,0.834,216,,1.9,0.9,2.9,-0.4,4.7,8.1,3,14.1
2017,Twins,12924,3,6,1,-6,2,-5,34,-2,29,2180,1791,0.822,606,10,6.4,-0.3,-7.7,11,12,15.1,1,14.1
2020,Cardinals,4257,-1,-1,1,1,4,3,17,9,33,639,536,0.839,188,,0.1,0.3,1.5,8.2,3.2,13.1,4.4,14.1
2013,Dodgers,13053,-11,2,5,-2,-1,0,32,-14,20,2060,1741,0.845,477,8,-3.9,1.2,-3.1,17.6,-10.2,5.5,0.8,13.2
2015,Diamondbacks,13200,-12,-4,-3,4,-2,8,68,-1,60,2185,1798,0.823,594,12,-14.5,-4.7,-0.7,19.7,2.8,17.1,1.3,13.1
2015,Indians,12894,-3,0,2,-1,0,2,-5,16,15,2005,1680,0.838,495,-7,0,-0.4,2.3,5.7,3.4,10.9,1.8,12.9
2010,Rangers,13098,-6,-2,-4,-1,-8,2,5,1,-21,2268,1894,0.835,442,10,-5,1.7,-4.7,32.8,-4.3,25.5,3.3,12.6
2015,Tigers,13023,-15,-1,0,9,4,1,-17,7,-4,2217,1790,0.807,541,13,-24.1,11.2,6.7,-10.1,-0.3,7.5,3.4,12.5
2016,Rangers,12987,1,-5,2,4,0,-2,-12,17,2,2227,1780,0.799,595,13,-11.3,3.3,7.4,6.5,-5.9,11.4,2.2,12.4
2015,Braves,12828,-15,-1,0,6,-13,-8,-9,-20,-51,2215,1793,0.809,484,-17,-18.7,-5.1,8.4,3.6,1.1,8,0.7,12
2007,Cardinals,12921,0,3,4,-3,-1,8,29,,48,2476,2020,0.816,430,,,-0.6,-3.1,23.1,-17.7,1.8,0,11.8
2006,Athletics,13065,0,4,6,6,3,1,-21,,4,2504,2068,0.826,350,,,-4.7,-2.2,-2.2,12.8,3.6,-0.4,11.6
2007,Nationals,13020,0,-4,1,3,-9,-3,-7,,-14,2492,2049,0.822,383,,,-8.3,4,21.1,-10.4,6.3,0,11.3
2012,Dodgers,13047,-12,2,0,-8,5,2,3,1,-6,2107,1795,0.852,393,-16,-11.8,4.9,-5.2,5.7,1.5,6.9,1.5,11.3
2015,Orioles,12912,-4,4,0,4,15,16,-27,0,6,2104,1701,0.808,546,18,-2.3,13.1,4.1,-14.2,8.3,11.3,3.9,11.3
2011,Brewers,12975,29,0,-6,6,-8,1,18,0,32,2150,1789,0.832,511,-62,38.5,-8.7,2.1,36,-11.3,18.1,1.1,11.1
2018,Cardinals,13098,-5,-2,-3,-3,-7,-8,40,11,22,2046,1659,0.811,548,3,-1.2,-2.1,3.7,26,-14.6,13,1.6,11
2006,Padres,13173,0,1,-6,-3,-9,-2,61,,27,2378,2009,0.845,363,,,-9.2,-1.4,33.1,8.4,30.9,1.8,10.9
2006,Blue Jays,12855,0,-2,-6,3,19,-1,32,,39,2355,1946,0.826,386,,,15.3,0.5,16,-6.2,25.5,6.7,10.5
2015,Marlins,12843,-7,6,-2,4,3,-3,31,-10,18,2188,1817,0.83,485,28,-17.3,0.5,5.9,-7.7,15.6,14.3,2.4,10.3
2014,Rangers,12837,-7,-1,1,3,5,-8,-46,8,-43,2215,1791,0.809,502,15,-10.4,5,4.2,3.5,-1.8,10.9,2.4,10.3
2019,Astros,13161,-1,-2,-2,-4,-1,27,70,15,96,1760,1432,0.814,651,,-0.2,-0.9,-5.5,17.2,4.1,14.9,1.6,9.9
2015,Dodgers,13011,2,-3,-2,-7,8,6,-2,-10,-1,2044,1692,0.828,467,2,19.3,4.9,-3.3,-9.4,13.4,5.6,1.8,9.6
2014,Yankees,13077,14,1,0,-4,-4,-4,-7,13,7,2105,1705,0.81,547,-13,20.1,-1.3,-6.6,16.3,-6.3,2,-0.8,9.2
2019,Cubs,12978,-2,1,0,6,4,3,-9,-12,-14,2022,1642,0.812,510,,-8.3,0.7,6.4,-2.7,7.5,11.9,1.8,8.9
2012,Athletics,13230,-12,-2,3,-2,11,4,-6,2,6,2254,1881,0.835,486,4,-12,9.8,1.5,4,-14.5,0.8,1.8,8.9
2009,Cubs,13008,0,1,6,-2,-2,-14,-8,,-23,2147,1799,0.838,385,-27,-6.9,-4.6,-3.6,8.3,-0.2,-0.2,-1.3,8.8
2010,Cardinals,13083,6,6,5,1,-2,8,18,1,53,2408,1958,0.813,451,18,24,-7.5,4.3,-7,0.1,-10,-2.4,8.8
2012,Giants,13059,16,-1,3,-1,-2,-6,12,2,11,2206,1821,0.825,489,25,18.4,-0.5,-1.9,14.7,-5.9,6.4,0.7,8.7
2010,Mariners,12942,-10,1,0,-1,-5,0,14,-2,2,2471,2078,0.841,453,4,-28.2,-7.7,-0.4,30.5,-7.2,15.3,0.5,8.7
2017,Yankees,13038,5,0,0,-9,1,-4,26,9,24,1893,1533,0.81,574,4,0.5,-1.8,-6.2,16.3,0.2,8.5,0.2,8.5
2009,Angels,13005,0,1,-4,7,9,15,28,,51,2267,1896,0.836,490,19,-0.9,2.4,10.9,-7.5,9.2,15.1,2.8,8.3
2017,Mariners,12963,-5,4,1,11,12,-3,-24,6,3,2103,1688,0.803,570,20,3,12.6,8.4,0.5,-11.4,10.1,4.1,8.1
2006,Angels,13074,0,1,5,5,12,-4,-23,,-2,2434,1983,0.815,354,,,6.3,-1.8,6.8,-12.3,-1,1.1,8
2007,Blue Jays,13038,0,6,-7,3,7,10,69,,81,2436,2048,0.841,382,,,3.5,-3.1,21.8,2.7,24.9,3.9,7.9
2007,Brewers,12999,0,0,-7,4,-3,13,-15,,-8,2372,1898,0.8,394,,,1,-0.4,21,-7.2,14.4,2.1,7.4
2020,Brewers,4656,2,1,2,-2,-2,2,-20,4,-14,553,438,0.792,239,,5.8,-2.9,-1,0.6,-3.1,-6.4,-4.5,7.3
2020,White Sox,4743,10,1,2,1,1,-7,18,-5,23,667,534,0.801,251,,6.3,0.6,-0.4,5.1,-3,2.2,1.2,7.2
2017,Giants,13068,-2,-1,1,-2,-9,-6,-20,-2,-37,2190,1795,0.82,477,4,-1.3,-6.6,-1.6,3.8,6.6,2.2,-1,7.2
2013,Twins,13053,-28,2,3,0,10,9,-59,10,-43,2367,1989,0.84,463,-15,-24.2,9.7,0.9,-16.3,6.5,0.8,1.5,7.1
2020,Twins,4620,0,1,1,1,7,2,8,2,22,595,481,0.808,249,,-2,0,-0.6,4.2,1.4,4.9,2.4,6.9
2016,Yankees,12855,3,0,-4,-7,3,-1,9,18,14,2012,1620,0.805,533,3,0,5.8,-5.7,8.9,3.7,12.6,2.3,6.6
2015,Cubs,13152,13,0,2,-5,-3,0,3,8,6,2048,1685,0.823,457,4,11,6.8,-4.7,21.7,-11.1,12.6,3,6.6
2016,Reds,12978,-16,-6,3,-3,1,10,-22,14,-14,2151,1779,0.827,486,5,-19.8,-0.8,-6.8,14.1,-5.3,1.2,-0.5,6.2
2018,Tigers,12828,1,-3,0,2,-2,-13,7,30,20,1995,1635,0.82,621,-18,-7.1,0.7,-2.3,9.4,-2.7,5,0.5,6
2006,Cardinals,12867,0,2,3,3,-13,12,46,,55,2373,1975,0.832,439,,,-6.5,5.4,0.1,-0.1,-1,-0.9,6
2009,Astros,12870,0,0,2,4,11,12,-33,,4,2276,1861,0.818,438,3,1,12.7,2.7,-28.8,9.1,-4.3,1.6,5.5
2012,Mariners,13110,-22,-3,1,7,-1,-1,20,1,3,2185,1830,0.838,508,12,-26.4,-5.2,7,5,11.9,18.7,2.1,5.4
2006,Brewers,12831,0,3,-1,-6,-12,-2,21,,-3,2219,1817,0.819,418,,,-6.7,-2.8,22.8,-6.3,6.9,-0.6,4.9
2008,Angels,13062,0,0,-4,7,-10,16,-15,,-10,2354,1947,0.827,417,,1.4,-0.9,3,3.2,3.9,9.2,1.3,4.8
2008,Orioles,12798,0,2,-2,-3,16,2,-32,,-22,2537,2078,0.819,403,,3.3,12.2,-5.1,0.4,3.5,10.9,2.8,4
2011,Royals,13062,-16,0,4,-7,19,8,-1,5,16,2312,1939,0.839,453,5,-11.6,19.3,-5.6,-20.2,4.9,-1.6,2.3,3.9
2012,Blue Jays,12993,-5,1,0,-4,16,5,37,12,72,2238,1864,0.833,464,-10,5.3,10.1,-3.9,-15.1,4.3,-4.6,0.7,3.9
2016,Blue Jays,13134,16,4,-6,-1,0,-4,43,16,58,2087,1719,0.824,514,19,17,-5.2,1.5,12.8,2.3,11.4,0.7,3.4
2018,Pirates,12906,-11,0,5,2,11,-12,-35,22,-10,1996,1616,0.81,574,1,-10.1,11.9,-0.1,-11,-3.5,-2.8,1.8,3.2
2019,Padres,12888,25,5,0,-4,-2,-9,4,8,17,1945,1550,0.797,583,,15.7,-8.1,-2,14.8,-1.5,3.2,-1.6,3.2
2006,Braves,12972,0,1,-3,-1,-1,5,-8,,-13,2398,1980,0.826,419,,,-1.3,-2.8,14,0.1,10,0.9,3
2020,Royals,4653,2,3,-2,2,-2,2,-21,6,-10,680,534,0.785,235,,-0.9,0.5,1,-0.1,2.7,4,1.4,3
2019,Giants,13221,12,-1,-1,-9,-3,-1,27,22,47,2018,1642,0.814,578,,6.9,-7.6,-4.5,16.8,0.8,5.6,-1.1,2.6
2020,Diamondbacks,4665,4,-2,-3,2,-2,-1,5,1,-2,622,506,0.814,286,,4.6,1.3,-0.2,9,-3.7,6.5,2.9,2.5
2017,Nationals,13020,-5,2,-1,-3,3,-10,-14,-6,-42,1978,1609,0.813,525,0,-8.8,-1.9,-0.5,6.4,2.4,6.3,0.4,2.3
2017,Tigers,12783,-12,-3,-3,-9,-12,-12,-16,-3,-71,2152,1747,0.812,504,-12,-13.1,-14.2,-5.5,9.8,13.1,3.2,-1.6,2.2
2010,Rays,13083,-7,-1,-4,-3,3,6,10,11,22,2226,1857,0.834,487,56,-11.9,4.6,-4.1,32.3,0.8,33.5,5.5,2.2
2019,Brewers,13134,15,-2,-4,1,-5,9,23,12,40,1827,1463,0.801,612,,23.3,-0.4,2.4,15.2,-7.2,10,1.6,2
2018,Rays,13035,-5,1,-5,1,4,3,37,24,57,1923,1571,0.817,661,21,-12.1,-3.3,-1.1,20.5,-7.2,8.9,0.4,1.9
2019,Yankees,12987,0,-1,2,0,2,4,-11,5,-5,1856,1451,0.782,636,,-5.3,-0.2,1.6,1.6,-0.2,2.7,0.5,1.7
2014,Brewers,13119,25,1,0,-8,-6,-1,-14,8,0,2253,1835,0.814,499,12,24.5,-5.3,-7,12.4,-5.9,-5.8,-2.5,1.6
2020,Marlins,4536,-4,-3,0,3,1,-1,-1,5,0,716,576,0.804,236,,-4.4,0.4,1.7,-3.8,2.2,0.5,0.2,1.5
2014,Cubs,13170,-16,-4,2,1,-10,-8,10,-11,-38,2219,1829,0.824,426,-16,-22.4,-5.1,1.8,10.3,-6.6,0.4,-0.7,1.3
2014,Marlins,13119,-15,4,-2,-3,2,-2,4,-15,-33,2378,1908,0.802,503,-11,-31.2,7.2,-1.4,-4.6,4.9,6.1,1.9,1.1
2015,Red Sox,13035,-7,-1,3,-8,7,-12,12,-5,-2,2137,1760,0.824,571,2,-8.1,-5.2,0.1,-8,5.2,-7.9,-1.8,1.1
2018,Rockies,13071,8,0,-1,4,-6,0,-12,21,9,1978,1621,0.82,559,6,10.8,-1.6,3.9,-13.9,15.7,4.1,0.6,1.1
2014,Athletics,13170,-3,2,-4,-3,9,10,17,4,28,2210,1849,0.837,483,7,-18,-1.9,-1,19.3,-4.7,11.7,0.9,1.1
2020,Mariners,4650,-2,-2,-1,2,5,0,7,11,17,660,530,0.803,270,,-2.6,2.7,0.2,0.2,1.9,5,2.7,1
2012,Royals,13062,-14,1,6,3,14,11,-25,-3,-3,2234,1827,0.818,442,16,-15.6,16.6,5.1,-31.3,-1.4,-11,1.4,0.9
2019,Nationals,12954,-13,1,-3,1,7,3,-4,2,-3,1831,1519,0.83,598,,-6,1.2,-4.5,-4.1,10.2,2.9,0.2,0.9
2020,Tigers,4431,-5,-1,-2,0,-6,0,0,2,-14,676,544,0.805,264,,-4.4,-5.1,0.2,11.7,-0.9,5.9,0.6,0.9
2007,Diamondbacks,12969,0,0,-1,4,-3,5,20,,36,2409,1964,0.815,386,,,-3,1.7,-3.1,1.3,-3.2,-0.9,0.8
2013,Rays,13176,16,0,-1,0,-3,6,20,1,30,2138,1786,0.835,495,35,21.1,-4.2,-2.9,4.5,13.3,10.7,0.5,-0.1
2009,Brewers,12915,0,-5,-2,0,-12,-3,7,,-18,2375,2014,0.848,377,10,2.4,-8.8,1.1,13.8,-6.9,-0.8,-1.5,-0.4
2014,Dodgers,13182,-8,-1,2,5,9,-8,18,-14,6,2194,1820,0.83,391,-3,-13.2,6.2,2.7,-1,-8.4,-0.5,1.5,-0.5
2011,Mariners,12897,-15,-1,-2,3,-6,7,9,1,-4,2257,1891,0.838,459,5,-22.3,2.1,4.3,3.2,-0.4,9.1,2,-0.5
2016,Tigers,12852,-6,0,5,4,-18,1,-44,-2,-57,2158,1749,0.81,451,-1,-12.6,-14.5,3.2,-13.7,16.4,-8.5,-3.1,-0.5
2020,Red Sox,4716,-1,2,2,-1,6,1,-5,-4,-2,708,539,0.761,230,,1.6,4.7,0.3,-1.6,-6,-2.5,0.9,-0.5
2018,Twins,12990,-8,0,-3,-2,2,-1,7,30,25,1947,1556,0.799,606,-9,-0.9,-1.2,-2.4,10.5,-5.5,1.4,-0.2,-0.6
2009,Dodgers,13260,0,4,1,1,-6,1,7,,14,2171,1816,0.836,406,31,21.4,-6.4,2.1,-1,5,-0.3,-1.1,-0.7
2017,Phillies,12969,-23,2,-3,-2,4,-4,-25,-5,-46,2048,1650,0.806,522,1,-21.5,-0.2,2.3,-11.4,11.6,2.3,0.4,-0.7
2013,Mets,13290,-12,-6,-3,-1,11,-3,-21,0,-24,2181,1817,0.833,543,-35,-16.3,12.9,-2.8,-6.1,-2.1,1.8,2.1,-0.8
2019,Marlins,12999,-1,-6,0,1,-9,2,9,23,25,1880,1522,0.81,586,,-7.4,3.4,2.4,4.1,-10.9,-1,0.9,-1
2014,Blue Jays,12987,-14,0,-3,1,11,5,-23,-4,-28,2255,1847,0.819,489,-35,-23.6,8.2,-0.5,-8.5,1.9,1.1,1.3,-1
2007,Rockies,13248,0,4,0,8,-3,1,28,,34,2535,2120,0.836,376,,,0.9,5.5,-22.2,18.8,2.9,1,-1.1
2019,Rays,13269,7,-1,0,0,2,3,7,41,53,1802,1435,0.796,630,,5.1,5.1,-1.1,1.1,-7.2,-2.1,0.4,-1.1
2012,Yankees,13008,23,-3,0,0,-10,5,-6,0,-2,2103,1716,0.816,496,-16,29.2,-7.6,-2.3,1.3,8.8,0.2,-1.7,-1.4
2009,Diamondbacks,13029,0,6,-3,-2,-11,-20,20,,-12,2263,1879,0.83,488,-4,18.8,-1.2,-0.6,16.9,-9.6,5.4,0.4,-1.7
2006,Devil Rays,12783,0,-1,-6,4,2,-9,-28,,-35,2524,2015,0.798,389,,,-0.2,-3.5,17.4,-12.5,1.2,-0.3,-1.8
2018,Yankees,13107,15,3,0,-8,5,-2,1,17,23,1759,1402,0.797,620,-4,10,13.1,-6.8,-4.3,-1.9,0.1,1.7,-1.9
2012,Rangers,12978,-9,-4,-7,3,1,-4,8,0,-12,2126,1742,0.819,495,33,-14.6,-3,4,12.5,-2.4,11.1,1.2,-2.1
2016,Nationals,13137,0,0,0,2,3,2,-8,6,2,1917,1571,0.82,521,23,5.9,5.7,0.5,-15,5.3,-3.5,0.8,-2.5
2010,Blue Jays,12966,-1,-2,0,3,1,-4,9,2,7,2251,1857,0.825,451,-3,10.9,3.9,3.1,-9.6,1.7,-0.9,0.7,-2.6
2014,Giants,13041,15,1,-1,9,-2,1,-4,8,20,2186,1831,0.838,494,32,19.6,-1.9,4.7,3.6,-4.8,1.7,0.2,-2.7
2011,Nationals,13044,23,-1,4,0,19,4,-19,0,24,2333,1935,0.829,488,27,20.2,13.2,0,-23.7,-1.4,-11.8,0.6,-2.7
2017,Royals,12939,-16,0,-3,-4,-12,6,-40,13,-56,2182,1744,0.799,576,13,-12.7,-4.1,-0.3,-6.4,12,1.1,-0.5,-2.9
2020,Pirates,4617,2,1,1,1,3,2,0,12,26,642,521,0.812,213,,3.1,-0.4,0.7,2.3,-8.9,-6.2,-3.1,-3.2
2007,Orioles,12948,0,0,-3,-3,3,3,-13,,-12,2538,2078,0.819,356,,,-1.2,-6.3,0.1,9.1,1.7,-0.5,-3.3
2013,Rockies,12924,-16,1,-3,2,-12,0,-10,-4,-34,2279,1907,0.837,494,28,-11,0.5,0.1,-11.5,10,-1,0,-3.4
2009,Athletics,13026,0,1,1,-2,3,9,-48,,-34,2331,1923,0.825,461,-1,-14.6,-0.3,-3.8,1.8,-6.9,-9.1,-1.5,-3.4
2020,Mets,4620,0,1,0,-4,4,-2,-12,-4,-22,623,494,0.793,209,,-0.9,5.2,-3.7,-10.7,7.8,-1.5,2.7,-3.5
2014,Mariners,13068,23,-4,2,-1,-2,-7,14,-4,8,2113,1761,0.833,499,16,17.3,-10.9,3.4,-3,9.5,-0.9,-2.3,-3.5
2011,Cubs,12909,2,-1,0,-7,9,-6,-32,-1,-34,2160,1763,0.816,417,-25,3.9,2.6,-4.7,5.9,-11.4,-7.7,-1.2,-3.6
2015,Mets,13164,17,0,-2,-2,1,4,-9,-12,-11,2172,1774,0.817,513,-42,14.9,3.6,-5.5,4,-1.8,0.3,0.3,-3.7
2020,Yankees,4506,0,-2,3,-3,4,-3,-6,9,-1,647,521,0.805,213,,0.4,4.3,-1.1,-8.6,0.6,-4.8,0.9,-3.8
2006,Rangers,12882,0,-1,5,5,11,9,-22,,12,2539,2079,0.819,368,,,5.1,-3.1,-21.9,8,-11.9,-1,-3.9
2016,Mets,13023,9,-2,-2,-2,3,7,-17,12,3,2049,1625,0.793,492,-37,19.5,3.7,4.6,-7.3,3.7,4.7,1.8,-4.3
2020,Orioles,4668,-5,2,0,0,2,-3,-9,9,-1,708,572,0.808,252,,-8.2,-1.1,-0.4,2.6,-6.7,-5.6,-2.4,-4.6
2014,Diamondbacks,12999,19,-1,-3,1,8,-1,3,-2,17,2152,1764,0.82,484,22,20.5,9.8,0.5,-18.2,4,-4,1.2,-4.7
2009,Cardinals,12966,0,0,5,1,2,12,5,,34,2388,1970,0.825,448,17,19.1,3.5,4.8,-27.6,-1.9,-21.2,-1.8,-4.9
2019,Dodgers,13011,13,1,-1,4,8,7,61,39,126,1767,1435,0.812,625,,11.3,5.9,-0.6,10.4,-17.7,-2,0.8,-5
2020,Reds,4536,4,1,1,0,1,0,-7,7,6,560,459,0.82,199,,1.7,1.3,-0.6,-2.9,-3.8,-6,-2.1,-5
2020,Blue Jays,4722,-5,0,0,-1,1,3,-41,4,-39,697,543,0.779,238,,-1.4,2.8,1.1,-9.2,-0.7,-6,-1.5,-5
2014,Mets,13173,-1,-3,-3,-4,2,-7,30,-6,12,2197,1800,0.819,494,-28,1.7,0.5,0,-3,3.8,1.3,0.3,-5.1
2006,Rockies,13026,0,-1,4,10,10,5,-5,,23,2501,2059,0.823,390,,,14.8,8.8,-44.1,10.2,-10.3,1.8,-5.3
2017,Pirates,12966,-11,0,0,5,4,0,-8,31,17,2037,1638,0.804,535,-19,-16.5,4,1.6,3,-10.1,-1.5,0.6,-5.5
2019,Rockies,13038,-15,1,2,5,-12,8,1,13,9,2075,1666,0.803,625,,-12.5,-10.9,0.8,3.3,-3.9,-10.8,-2.9,-5.8
2011,Rockies,13029,-12,4,6,2,-7,-6,31,2,23,2223,1858,0.836,458,25,-12.9,-3,4.2,-18.9,9.9,-7.8,-1.3,-5.8
2006,Reds,13011,0,3,2,-5,9,-9,-48,,-47,2435,1978,0.812,344,,,8.2,1.1,-7.5,-14.6,-12.8,-0.2,-5.8
2009,Padres,13056,0,0,2,0,-19,0,13,,-6,2270,1853,0.816,456,-4,1.4,-10,0.6,1.3,-0.5,-8.6,-2.8,-6.1
2009,Orioles,12861,0,-1,-7,1,16,21,-40,,-9,2458,2038,0.829,440,4,9.1,15.4,0.1,-43,4.5,-23,-0.4,-6.2
2013,Padres,13095,6,-5,6,-3,-7,2,9,-1,-4,2199,1829,0.832,521,-24,-3,-5.8,-7.4,-16.6,14.6,-15.2,-3.8,-6.4
2012,Orioles,13347,-1,3,4,0,-1,-6,-12,8,4,2266,1872,0.826,507,16,2.6,-4.3,0.4,-7,-7.4,-18.3,-3.2,-6.5
2014,Cardinals,13038,-18,2,0,6,-3,1,48,3,54,2109,1736,0.823,493,-7,-3.9,-9.1,4.8,5.4,-2.2,-1,-1.5,-6.8
2013,Indians,12972,2,1,5,0,5,-2,-39,5,-31,2066,1734,0.839,439,-30,-4.9,8.5,2.4,-17.9,-1.1,-8.2,0.4,-6.8
2008,Nationals,12906,0,2,-1,-1,-13,-19,31,,-7,2329,1923,0.826,456,,2.9,-9.1,-0.5,24.2,-13.1,1.5,-1.3,-7.1
2010,Orioles,12927,7,0,2,0,14,-3,-32,0,-13,2453,2008,0.819,423,27,12.8,9.2,0.5,-22.3,-2,-14.6,-0.3,-7.2
2018,Mariners,13038,3,4,2,13,7,1,-63,17,-18,2087,1660,0.795,638,11,6.9,-4,7.4,-14.9,1.1,-10.4,-1.4,-7.4
2020,Dodgers,4848,3,1,0,1,-3,-1,27,4,29,649,525,0.809,330,,-1.4,-3.8,-2.2,9.4,-9.8,-6.4,-4.7,-7.4
2011,Twins,12795,-5,-3,2,-2,-3,-4,-44,-1,-53,2385,1971,0.826,472,-30,3.5,-1.6,-2.1,-3.5,-5.6,-12.8,-2,-7.7
2020,Phillies,4473,-4,-2,0,1,-5,-3,-25,2,-33,642,494,0.769,203,,-0.1,-3.6,1.6,-10.1,1.5,-10.7,-5.8,-7.7
2012,Tigers,12876,-8,1,-2,4,-10,0,-16,5,-29,2068,1734,0.838,427,-27,-6.7,-11,0.1,1.6,6.4,-2.9,-2.5,-7.7
2008,Marlins,12918,0,1,-4,-3,1,-1,12,,-10,2272,1882,0.828,392,,-19.3,-3.2,-0.3,15.9,-8.2,4.2,0,-7.8
2014,Padres,12948,18,0,1,-10,-9,-6,50,4,42,2152,1775,0.825,487,-30,33.4,-7.1,-9,14.2,-2.8,-4.8,-3,-7.8
2018,Nationals,13014,-5,0,2,-3,-2,0,-36,1,-36,1899,1566,0.825,550,5,-6.7,-5.1,-6.4,-15,13.5,-13,-3.5,-8
2012,Nationals,13215,3,0,-3,3,1,-2,-10,-1,-16,2193,1832,0.835,459,23,-1.3,3.4,-0.6,-5.6,3.9,0.9,0.7,-8.1
2016,Rays,12837,8,1,-2,1,1,1,-12,20,16,1956,1517,0.776,596,-13,10.7,-3.4,-2.1,9.1,-7,-3.4,-1.2,-8.4
2009,Yankees,13050,0,-6,-1,-8,-1,-10,3,,-22,2178,1851,0.85,389,-7,-0.7,-11.7,-4.9,10.1,1.7,-4.7,-3.3,-8.5
2016,Rockies,12864,-10,0,1,-1,-3,-6,15,19,11,2123,1653,0.779,643,27,2.8,2.4,-4.7,-6.9,2.3,-6.9,-1.1,-8.9
2020,Giants,4659,3,0,-1,-4,-3,2,3,7,6,663,528,0.796,260,,1,-3.6,-2.4,3,-6,-9,-4.3,-9
2017,Rangers,12909,-13,-3,1,-1,3,2,5,5,1,2182,1773,0.813,573,-13,-12.2,0.2,1.3,-10.4,-3.2,-12.1,-1.3,-9.1
2007,Rangers,12870,0,-1,3,1,1,-14,1,,-4,2496,2032,0.814,412,,,0,-3.4,-3.2,-7.7,-14.3,-2.1,-9.3
2007,Indians,13164,0,0,4,-1,-6,-5,10,,6,2583,2084,0.807,350,,,-2.6,-3.9,-14.1,2.3,-18.3,-3.2,-9.3
2018,Reds,12969,-21,-1,-1,-2,4,0,14,13,6,2117,1731,0.818,545,6,-21.7,-6,-1.8,7.9,-5.4,-5.3,-1.7,-9.3
2018,Astros,13095,12,2,1,4,3,9,4,3,36,1755,1417,0.807,608,-2,14.5,2.8,1.5,-17.7,0.9,-12.5,-1.3,-9.5
2010,Brewers,12951,29,-1,-4,3,-2,4,4,0,20,2217,1823,0.822,395,-21,35.9,-6.3,2.1,-3.8,1.6,-6.3,-1.5,-9.7
2020,Rangers,4650,-2,1,0,1,0,3,11,-1,11,684,546,0.798,260,,-1.6,-2.9,-0.9,0,-5,-8.8,-4.5,-9.8
2009,Braves,13164,0,-3,5,2,-3,-13,6,,0,2213,1828,0.826,471,-20,38.2,2.5,3.2,-28,2.5,-19.8,-1.9,-9.8
2010,Astros,12954,5,0,5,-1,-9,-6,-24,3,-27,2207,1826,0.827,439,-4,4,-5.9,-3.6,-2.6,-2.2,-14.3,-3.2,-9.9
2015,Mariners,13167,14,-2,2,-4,-11,-3,-42,-12,-61,2253,1831,0.813,475,-9,14.3,-9.2,-0.1,-17.2,10.6,-16,-3.5,-10
2013,Athletics,13068,-6,0,-3,-7,-7,-3,-27,-5,-63,2172,1821,0.838,539,-3,-6,-5.2,-10.6,22.9,-7.8,-0.7,-2,-10.3
2019,Reds,12942,6,2,-3,4,7,3,30,16,58,1820,1453,0.798,590,,2.9,-2.8,1.8,-0.8,0.4,-1.5,-0.6,-10.5
2010,Cubs,12930,-4,1,-6,-2,-1,-15,-10,2,-46,2191,1783,0.814,425,-18,-0.3,2,-0.7,14.9,-22.1,-5.8,-0.5,-10.5
2012,Marlins,12966,-13,2,-3,3,-7,-10,-32,-2,-62,2305,1903,0.826,447,6,-12.5,-0.9,4.2,-10.7,-2.6,-10.1,-1.2,-10.5
2013,Pirates,13236,7,6,3,-4,1,4,20,15,45,2205,1816,0.824,559,24,9.4,-1.6,-7.4,0.6,-8.6,-17.1,-3.1,-10.5
2017,Braves,12972,28,-2,-2,3,-3,-10,-27,7,-13,2116,1692,0.8,536,-12,9.4,-2.1,0.8,-12,3.7,-9.6,-1.5,-10.6
2010,Mets,13077,1,1,-2,2,14,-4,22,-1,39,2303,1857,0.806,445,4,-12.9,14.6,1.5,-13.2,6.7,9.6,3.8,-11
2014,Tigers,13086,-12,-2,1,1,-10,2,-42,-8,-68,2333,1882,0.807,440,-17,-15,-6.5,0.2,-14.2,3.4,-17.1,-3.1,-11.1
2012,Cardinals,13164,17,2,7,1,0,5,-14,1,26,2259,1838,0.814,490,8,15.2,-5.1,-0.7,-18.7,-4.1,-28.7,-4.6,-11.5
2006,Phillies,13143,0,0,-2,6,5,2,-8,,-4,2376,1944,0.818,352,,,1.5,2.5,-13.4,2.9,-6.6,-0.3,-11.6
2010,Angels,13044,13,-4,-3,-4,3,2,-8,1,-4,2317,1920,0.829,458,-27,-0.4,11.9,-2.6,-3.1,-7.1,-0.9,1.6,-11.6
2020,Astros,4716,0,1,-1,1,-2,1,15,-1,12,663,539,0.813,250,,-1.8,-8.6,0.4,-9.6,7.9,-9.8,-8.1,-11.8
2014,Pirates,13107,16,2,6,3,4,-2,3,8,37,2246,1828,0.814,491,18,17.4,-2.1,0.8,-17.2,-3.6,-22.1,-3.6,-12.1
2020,Braves,4719,0,-3,-2,3,-2,0,3,-2,-8,695,570,0.82,218,,5.5,-2.4,0.6,-7.2,1,-8.1,-4.5,-12.1
2011,Phillies,13293,-10,-3,-5,0,-3,-3,-30,0,-56,2175,1836,0.844,402,27,-11.1,-1.3,-4.5,-10.4,11.3,-4.9,-1.4,-12.1
2017,Brewers,13011,6,1,-2,6,5,-5,-21,25,12,1929,1535,0.796,562,-4,-3.5,12.7,1.1,-4.3,-19.7,-10.2,0.4,-12.2
2009,Red Sox,12930,0,2,-10,3,-9,7,-32,,-56,2232,1868,0.837,395,-3,-6.6,-4.5,3.3,-0.4,7.8,6.2,0.6,-12.3
2010,Phillies,13107,-11,4,1,8,2,11,-18,2,-2,2309,1910,0.827,371,20,-6.2,2.6,6.8,-25,9.2,-6.5,0.6,-12.3
2020,Angels,4728,1,2,-2,-1,-4,1,-19,-2,-26,654,528,0.807,246,,1.6,-4.9,0.9,-2.8,-1.5,-8.3,-5.1,-12.3
2008,Twins,13131,0,1,-3,5,4,0,-35,,-25,2541,2083,0.82,385,,4.7,-4.7,1.7,-4.8,-6.1,-13.9,-2.4,-12.4
2017,Mets,12912,-6,0,-2,-3,10,-6,-61,-3,-78,2101,1676,0.798,507,-37,2.3,9.6,-4.1,-11.8,0.8,-5.5,0.6,-12.5
2016,Orioles,12888,-5,3,0,9,-12,10,-9,5,1,2074,1705,0.822,525,13,-3.5,-10.7,4.8,-19.1,12.5,-12.5,-3.2,-12.5
2006,Marlins,12900,0,-1,5,3,2,-15,-16,,-13,2324,1879,0.809,372,,,-2.6,1.1,-17.2,-8.2,-26.9,-4,-12.9
2011,Tigers,12960,3,2,-3,5,3,2,3,0,12,2283,1904,0.834,488,-6,-6.3,3.3,3.6,-15.1,3.4,-4.8,0.2,-13
2019,Rangers,12942,-9,3,-2,-1,-7,-13,-27,4,-52,2096,1668,0.796,536,,-10.8,-12.4,-1.1,3,-0.5,-11.1,-3.2,-13.1
2011,White Sox,13140,9,-1,-2,3,-12,-4,9,-3,-8,2246,1879,0.837,437,-19,12.1,-12,2.9,-8,11.1,-6,-2.6,-13.5
2015,Nationals,12912,6,2,1,1,1,-4,-22,-8,-23,2069,1667,0.806,469,-14,-4.5,-8.5,-0.2,-11.3,-0.1,-20.2,-4.4,-14.2
2019,Braves,13056,16,-1,-1,-1,3,1,35,-2,41,2015,1606,0.797,556,,16.9,5.3,0.7,-30.7,14.4,-10.3,-0.1,-14.3
2011,Astros,12915,2,1,-2,-3,7,18,-5,0,12,2208,1828,0.828,450,-26,6.6,1,1.3,-11.7,-3,-12.4,-1.4,-14.3
2008,Royals,13011,0,-1,-4,8,-13,-3,-47,,-63,2451,2033,0.829,332,,0.1,-10.4,-0.1,1.1,-0.9,-10.4,-3.2,-14.9
2015,Phillies,12927,-6,0,-1,-2,-4,-6,-64,-13,-98,2320,1880,0.81,482,-51,-18.3,3.4,-0.9,-9.4,-8.1,-15,-1.3,-15
2012,Brewers,13083,30,-2,-3,-4,-3,5,6,1,24,2082,1709,0.821,486,0,32.6,-4.4,-8,-6.2,0.6,-17.9,-4.1,-15.2
2013,Cardinals,13137,14,5,1,5,-18,-3,-26,-22,-38,2234,1855,0.83,499,-21,19.8,-23.1,4.6,-18.2,8.9,-27.8,-8.5,-15.4
2012,Padres,12912,7,1,1,-8,-9,1,-18,5,-24,2137,1796,0.84,470,-7,2.2,-3,-10,2.4,-3.6,-14.2,-3.9,-15.7
2015,Yankees,13119,-2,-1,0,-1,-8,-4,-23,7,-32,2156,1732,0.803,525,11,-0.4,-12.4,-0.9,-7.2,0.8,-19.7,-4.7,-15.7
2019,Twins,13170,1,0,-5,-2,13,-1,-21,17,3,1950,1551,0.795,641,,3.4,7.1,-1.3,7.7,-23.4,-9.9,-1.1,-15.9
2010,Marlins,12945,-5,1,0,-3,10,7,-52,2,-40,2284,1845,0.808,439,-15,-14.1,9.2,-3.6,-13.9,-9.6,-17.9,-1.5,-16.4
2015,Reds,13080,-4,1,-4,-2,-1,0,-10,11,-15,2201,1818,0.826,494,18,-5.9,2,-3.8,-6.6,0.6,-7.9,-0.9,-16.9
2019,Blue Jays,12963,12,5,3,-3,-2,-3,-35,24,0,1966,1563,0.795,618,,12,-3.4,-4.2,-20.8,3.5,-24.9,-4.1,-16.9
2008,Mariners,12918,0,2,-5,3,11,10,-6,,16,2400,1976,0.823,447,,-16.2,8.3,4,-27.6,2.5,-12.9,-0.1,-17.4
2015,Astros,12969,9,0,-3,1,9,4,24,-4,31,1988,1617,0.813,651,-12,11.2,0.6,-3,-5.1,-5,-12.5,-2.5,-17.5
2015,Rockies,12837,-17,-6,-1,5,-20,5,-6,5,-36,2229,1800,0.808,557,22,-18.5,-11.9,-0.3,-6.4,1.7,-16.9,-4.1,-17.9
2019,White Sox,12714,-15,2,1,10,-2,-4,-76,26,-56,1925,1528,0.794,609,,-18.4,-1,5.6,-12.9,-10.9,-19.2,-2.5,-18.2
2018,Dodgers,13284,25,-1,-1,-7,-2,3,20,11,41,1941,1580,0.814,510,2,17.9,-0.6,-7.1,-2.2,-7.7,-17.6,-3.6,-18.6
2011,Braves,13317,31,-1,0,-2,-8,-8,21,2,23,2163,1814,0.839,476,7,39.6,-3.7,0.5,-21.8,5.9,-19.2,-3.2,-18.7
2008,Braves,12966,0,6,1,-7,2,-5,26,,22,2321,1927,0.83,462,,35.9,0.1,-6.7,-14,1.1,-19.4,-3.1,-18.7
2013,White Sox,13095,3,2,3,4,0,-10,-43,-16,-59,2186,1797,0.822,457,-39,4,-1,3.8,-7.6,-10.6,-15.4,-1.7,-18.7
2007,Athletics,13032,0,11,-1,5,-8,-13,14,,7,2499,2091,0.837,373,,,-16.9,-1.5,-1.5,4.1,-15.8,-5.3,-18.8
2013,Nationals,13011,2,0,-4,4,-6,11,-18,-5,-17,2127,1779,0.836,465,12,-1.5,0.6,6.6,-12.2,-11.6,-16.5,-1.2,-19
2018,Giants,13152,-9,0,-2,0,-10,1,21,23,29,2125,1741,0.819,552,20,-9.6,-12.2,-0.6,-2.6,-1.7,-17.1,-4.3,-19.1
2011,Marlins,13137,-16,0,-3,-1,6,-11,-42,1,-69,2222,1835,0.826,460,-1,-18.1,1.8,0,-12.9,-2.9,-14,-1.5,-19.2
2014,Phillies,13215,-12,5,4,-5,1,-9,-27,8,-33,2306,1916,0.831,459,-23,-11,-6.8,-9.2,-18.3,7,-27.3,-5.6,-19.5
2016,Diamondbacks,13062,-7,0,3,3,-20,4,-2,-4,-24,2195,1742,0.794,534,-17,-11.8,-10.4,2.7,-16.3,-0.5,-24.5,-4.6,-19.5
2016,Mariners,13113,0,0,-3,7,-2,3,-25,28,2,2054,1616,0.787,648,-2,-15.5,-1.7,4.3,-13.9,-5.2,-16.5,-2,-19.5
2017,Diamondbacks,12969,10,-1,-1,-1,-15,0,21,0,13,2007,1639,0.817,497,-8,3.5,-10.2,-1.6,0.2,-10.1,-21.7,-5.6,-19.7
2010,Braves,12954,11,-5,5,4,-6,-2,20,3,26,2212,1809,0.818,461,-19,26.1,-4.5,2.6,-25.1,-6.2,-33.2,-5.1,-20
2012,Twins,12948,-21,-4,-4,6,-5,0,38,1,15,2416,2006,0.83,495,-15,-22.5,-5,6.7,-8.6,-5.3,-12.2,-1.6,-20.3
2015,Pirates,13407,18,-1,-1,4,15,-5,-3,10,24,2163,1743,0.806,555,-1,26.9,7.3,3.7,-4.8,-16.6,-10.4,0,-20.4
2012,Astros,12810,1,0,-1,-3,3,-9,-51,4,-68,2226,1803,0.81,475,-36,-0.5,3,-6.6,-8.2,5.6,-6.1,-1.1,-20.4
2015,Brewers,12915,9,2,3,-3,-7,-15,-6,-13,-35,2174,1782,0.82,463,-5,9.9,-12.3,-4.8,-4.2,-2.3,-23.5,-5.8,-20.5
2015,Padres,12963,7,0,2,0,-10,5,-17,-4,-20,2056,1673,0.814,487,-38,21.5,-9.5,-1,-15.3,2.1,-23.7,-5.3,-20.7
2007,Pirates,13029,0,2,-2,8,1,4,-38,,-24,2502,2022,0.808,366,,,1.2,3.4,-33.6,11,-18,-1.9,-21
2011,Athletics,13029,-13,-2,2,2,-5,7,-35,3,-41,2175,1790,0.823,490,-14,-13.7,-6.8,3.2,-6.3,-12.9,-22.8,-4.2,-21.5
2017,White Sox,12795,-5,-1,-6,5,4,-10,-5,17,-8,2051,1669,0.814,623,-17,-0.4,7.4,0.7,1.5,-17.2,-7.5,0.2,-21.5
2006,White Sox,13041,0,4,-2,2,-7,-11,-17,,-36,2510,2053,0.818,355,,,-14.3,-2,-4.9,5.4,-15.9,-4.9,-21.9
2010,Rockies,12978,-7,2,9,4,-12,-2,18,3,28,2266,1864,0.823,387,22,-6.2,-8.1,5.5,-28.5,0.5,-30.6,-5.2,-22
2009,Rockies,12945,0,1,-3,2,-6,6,16,,12,2242,1868,0.833,436,39,1.7,-5.7,2.3,-25.9,10.4,-18.8,-3.1,-22
2011,Pirates,13044,-16,-2,-1,-5,-9,-7,-6,3,-40,2294,1920,0.837,496,-16,-25.6,-6.2,-6.2,-6.3,0.5,-18.2,-3.5,-23.2
2011,Dodgers,12888,-12,0,-1,0,5,7,-5,1,-1,2018,1700,0.842,405,-5,-15.3,5.3,-2.1,0.8,3.6,7.6,1.8,-23.2
2018,Padres,13113,2,0,-2,-5,-5,-5,37,5,38,1963,1616,0.823,543,9,4.1,-8.8,-6.4,-20,9,-26.2,-5.5,-23.2
2015,White Sox,13074,24,1,-3,6,8,2,-53,-4,-24,2124,1702,0.801,479,-42,18.5,-3.3,6.4,-26.1,1.5,-21.5,-2.6,-23.5
2020,Nationals,4533,-5,-2,-4,0,-3,0,-22,-5,-43,637,504,0.791,241,,-3.9,-0.3,-0.6,-11.2,-4.5,-16.5,-6.3,-23.5
2008,Pirates,13095,0,0,4,1,-7,6,-15,,-13,2481,2049,0.826,442,,-59.9,-5.1,-2.5,-18.1,1.1,-24.6,-3.9,-23.7
2018,Blue Jays,12903,15,0,-1,-1,-2,-4,-84,8,-87,2024,1632,0.806,583,-26,15.3,-4.8,1.3,-46.8,2.6,-47.6,-6.4,-23.9
2006,Nationals,12927,0,-7,-5,-13,8,-2,-29,,-50,2455,1996,0.813,381,,,6.1,-6.8,1.2,-15.6,-15.1,-2,-24.1
2011,Cardinals,13158,10,-6,-1,1,-7,4,-3,-1,-5,2389,1977,0.828,473,-19,15,-8,3.2,-18.2,-11.6,-34.7,-5.7,-24.6
2010,Tigers,12999,1,0,-4,5,7,-15,13,0,-5,2342,1939,0.828,477,10,-20.9,1.9,4,19.9,0.4,26.3,4,-25.4
2016,Braves,13029,9,2,-8,-2,9,-5,-18,9,-14,2147,1700,0.792,626,-46,-0.7,5.2,0.3,-8,-8,-10.4,-0.3,-25.4
2017,Padres,12876,6,2,0,3,0,-1,-7,1,11,2059,1626,0.79,552,-15,4.4,2.9,3.1,-28.7,-8.8,-31.5,-3.3,-25.5
2006,Diamondbacks,13137,0,1,-1,7,-13,0,14,,5,2462,2011,0.817,375,,,-10.8,6.1,-23.1,0.2,-27.7,-5,-25.7
2017,Blue Jays,13185,8,0,-1,-2,2,9,-5,5,1,2106,1708,0.811,498,-2,2.7,6.8,-3,-27,6.5,-16.7,-1.2,-25.7
2009,Marlins,13017,0,-1,-3,-5,-4,-16,-32,,-69,2242,1827,0.815,446,-42,-2.4,-2.2,-3.2,0.3,-10.9,-16.1,-2.9,-25.7
2013,Blue Jays,13068,11,4,-5,3,16,3,-5,-11,12,2182,1808,0.829,478,-35,3.5,-1.6,1.8,-12.4,-8.8,-21,-2.7,-25.9
2019,Mets,13149,-11,-2,-2,3,5,-10,-60,-1,-86,1971,1591,0.807,532,,-5.1,2.5,4.5,-24.5,4.7,-12.8,-0.8,-26.8
2015,Athletics,13002,-16,6,2,-2,-4,-17,6,4,-13,2187,1785,0.816,556,-13,-14.5,-10,0.6,-4.8,-18.7,-32.8,-5.9,-26.8
2007,Astros,13182,0,2,-6,-9,-5,-2,-25,,-40,2468,2001,0.811,400,,,-1.7,-5.2,-11.9,-5.2,-24.1,-3.9,-27.1
2007,Dodgers,13050,0,3,7,-1,-22,17,-17,,-4,2375,1946,0.819,338,,,-17.9,-0.9,-17.6,-3.1,-39.5,-9,-27.5
2012,Mets,12906,10,5,-3,-2,-4,-6,-32,2,-33,2086,1739,0.834,438,-22,8.9,-8.1,-2,-14.7,0.8,-24,-5.1,-28.5
2012,Rockies,12798,-23,2,-1,-6,0,-24,-65,1,-115,2269,1846,0.814,429,-15,-21,7.8,-3,-15.9,-3.7,-14.8,-1,-28.5
2013,Tigers,13164,4,3,-11,3,-5,-5,-45,-8,-72,2135,1770,0.829,452,-22,4.3,-9.7,1.5,-12.5,11.1,-9.6,-2.7,-28.9
2007,Reds,13047,0,3,1,3,-1,-15,-44,,-59,2469,2008,0.813,345,,,-7.8,1.5,-26.9,2.3,-30.9,-5.2,-28.9
2011,Blue Jays,13128,-3,2,-4,-2,4,-20,17,1,-6,2229,1888,0.847,500,-17,-4.6,6.2,-2.3,-16.7,-1.8,-14.5,-1,-28.9
2019,Tigers,12897,-4,2,-2,-4,-12,-12,-62,13,-84,2072,1604,0.774,584,,-7.8,-13.2,-1.2,-15.1,2.5,-27.1,-5.5,-29.1
2009,Mets,12834,0,-1,0,-4,-2,4,10,,14,2237,1867,0.835,432,-27,-17.7,-2.9,-4.4,-20.2,-7.2,-34.7,-5.5,-29.8
2016,Padres,12960,8,7,-2,-1,-15,1,4,-7,-3,2105,1684,0.8,594,-29,7.6,-11.2,-2,-8.8,-1.9,-23.9,-5.3,-29.9
2017,Orioles,12969,-6,-3,0,-1,-5,6,0,-3,-8,2106,1684,0.8,557,-23,-0.3,-13.2,-0.8,-21.5,5.6,-29.9,-6.2,-29.9
2009,White Sox,12957,0,0,0,0,0,0,-10,,-8,2290,1908,0.833,408,-45,3.2,0.2,2,-24,-8.2,-30.1,-3.7,-30.1
2008,White Sox,13119,0,-4,-5,4,-6,3,-20,,-34,2352,1932,0.821,382,,-4.2,-1.6,2.3,-10.9,-6.3,-16.5,-2.4,-31.3
2012,Pirates,12900,-16,0,-12,-1,-14,-10,24,0,-42,2220,1860,0.838,492,-21,-32.2,-13.1,-3.5,10,-5.3,-11.9,-4.4,-31.4
2019,Mariners,12954,-7,-3,1,-4,-1,-13,-51,-6,-88,2158,1729,0.801,609,,-6.3,-10,-1.9,-8.3,-9.4,-29.5,-5.2,-31.5
2014,Twins,12915,-28,0,-9,-1,2,11,-75,8,-90,2414,1997,0.827,428,-34,-28.2,3.5,-1.2,-26.3,4.2,-19.9,-2.2,-31.9
2008,Reds,12981,0,0,-2,-3,4,-1,-21,,-29,2223,1827,0.822,410,,38.8,1,0.6,-26.6,-7.3,-32.3,-4.1,-32.2
2016,Pirates,13056,2,6,-1,2,10,-8,-30,26,-6,2140,1700,0.794,568,-8,8.5,10,-1.2,-26,-8.2,-25.4,-1.9,-32.4
2019,Orioles,12987,-21,0,0,9,-17,-9,-67,14,-95,2007,1624,0.809,724,,-19.4,-17.5,5.7,-1,-16.6,-29.5,-5.9,-32.5
2016,Twins,12987,-15,-5,-3,-2,-5,-2,-55,22,-57,2221,1776,0.8,546,-34,-17.6,-5.1,2.8,-15.5,-13.1,-30.9,-4.2,-32.9
2010,Yankees,12981,-14,1,-11,2,6,-4,57,2,29,2277,1881,0.826,430,13,-16.7,2.2,2,-0.1,21,25.1,4,-33.4
2009,Blue Jays,13059,0,1,5,-4,10,5,33,,46,2275,1908,0.839,445,16,-1.7,0.5,-5.7,-48.1,12.6,-40.8,-5.7,-33.6
2010,Dodgers,12975,4,0,2,-7,-12,-5,-39,3,-58,2197,1840,0.838,372,-10,2.3,-8.1,-5.8,-19.4,-2.7,-36.1,-7.2,-33.8
2014,White Sox,12969,3,4,-1,8,-3,3,-48,-5,-45,2320,1847,0.796,531,-24,1.7,-2.3,7.6,-28.2,-2.6,-25.6,-2.8,-34.4
2006,Red Sox,12972,0,0,-7,7,-1,4,-51,,-57,2520,2018,0.801,357,,,2.2,1.7,-43.4,17.7,-21.9,-2.3,-34.9
2009,Twins,13077,0,2,-7,-2,-14,7,-38,,-52,2343,1958,0.836,442,-2,7.7,-11.5,-3.4,-22,11.6,-25.3,-5.5,-35.2
2010,Indians,12897,-9,-2,-1,0,16,1,-14,6,-3,2490,2029,0.815,447,-36,-18.5,11.2,0.4,-41.2,-4.2,-33.8,-2.5,-35.7
2010,White Sox,13017,-4,4,2,3,-13,-3,-46,0,-56,2384,1905,0.799,427,-1,2.2,-9.6,2.8,-31.3,-3.7,-41.8,-6.9,-37.5
2007,Marlins,12993,0,-3,3,2,10,-10,-74,,-71,2388,1903,0.797,374,,,6.9,5,-42.2,-13.8,-44,-4.4,-38
2009,Nationals,12819,0,-1,0,0,0,-22,-14,,-36,2368,1945,0.821,508,-15,-1.3,0.9,2,-19.1,-20.2,-36.4,-4.1,-38.2
2011,Indians,13080,-31,0,2,-4,5,-15,0,3,-29,2372,1996,0.841,474,-2,-49.1,-2.5,-5.8,-30.5,-3.4,-42.2,-6.2,-38.8
2010,Red Sox,13110,-16,-3,-5,0,9,-2,22,4,0,2285,1894,0.829,414,-1,-2.1,-0.9,1.6,-15.8,-3.7,-18.8,-2.5,-39.4
2007,Yankees,13056,0,0,-6,12,11,-8,-16,,-16,2515,2086,0.829,330,,,9.1,5.6,-39.6,-0.5,-25.4,-1.1,-39.4
2008,Yankees,12975,0,-3,2,-1,9,8,-55,,-41,2409,1968,0.817,356,,27.9,4.9,-3.3,-47.6,3.5,-42.5,-5.1,-39.7
2014,Astros,12948,9,-3,-3,2,-1,7,-6,14,6,2166,1712,0.79,643,-25,9.7,-11.6,0.2,-21.6,-16.1,-49.2,-9.2,-39.7
2007,White Sox,12966,0,4,-1,1,-6,-8,-56,,-63,2523,2030,0.805,319,,,-11,-3.5,-19.4,-4.9,-38.8,-7,-39.8
2016,Athletics,12900,-15,3,-5,1,-8,-10,-40,-2,-70,2215,1770,0.799,544,-47,-19.4,-7.6,-1.6,-24.9,-2.7,-36.8,-5.9,-39.8
2016,Cardinals,13035,-3,4,-5,3,-10,-2,-5,6,-10,2113,1716,0.812,543,-29,8,-10.5,1.8,-21.7,-3.9,-34.3,-5.9,-40.3
2008,Padres,13125,0,-1,-1,-1,-10,-4,11,,-15,2274,1905,0.838,434,,-5.4,-13.9,-1.2,-22.8,13.1,-24.8,-6,-41
2007,Mariners,12909,0,-8,0,2,2,-11,-36,,-46,2450,1966,0.802,395,,,5.1,1.5,-62.1,2.4,-53.1,-6.1,-41.1
2017,Astros,13014,9,-4,-6,7,10,1,3,14,20,1855,1463,0.789,559,2,11.9,6.1,0.8,-32.2,-4.3,-29.6,-3.6,-41.6
2016,Brewers,12909,4,-5,5,-3,1,-4,-3,34,24,2084,1675,0.804,609,-15,4.8,0.2,-3.1,-28.9,-19.6,-51.4,-7.8,-42.4
2017,Athletics,12879,1,1,-4,-4,-10,-5,-26,3,-49,2219,1832,0.826,497,-37,0.2,-15,-3,-11.4,-6,-35.4,-6.7,-42.4
2013,Angels,13119,-5,-2,-5,-2,-9,-15,-40,-2,-86,2290,1865,0.814,469,-1,-6.9,-9.1,-4.4,-10.7,-5.7,-29.9,-5.7,-43.1
2013,Phillies,12927,-1,-1,-3,-1,4,5,-79,-13,-93,2209,1810,0.819,449,-23,-7.2,-1.8,-3.2,-35.3,-1.4,-41.7,-5.9,-43.4
2018,Mets,13146,-9,-1,-6,3,-3,2,-49,-2,-69,1970,1589,0.807,551,-30,-9,-3.8,2.1,-30.6,0.3,-32.1,-5,-44.1
2009,Indians,12906,0,-4,-5,3,-4,-5,-6,,-19,2376,1956,0.823,476,-11,-20.8,-9.5,2.8,-21.1,-3.8,-31.6,-5.2,-44.4
2012,Indians,12978,-25,0,-1,2,0,-9,-31,8,-58,2357,1977,0.839,481,-11,-38.1,-4.3,0.2,-26.5,-3.5,-34.1,-4.9,-44.8
2018,Phillies,13011,-5,3,1,4,-8,-10,-99,-7,-118,1914,1537,0.803,543,-34,6.4,-7.1,2,-29.8,-10.7,-45.6,-8,-45.6
2006,Dodgers,13143,0,1,-4,-6,-5,-12,-6,,-33,2540,2080,0.819,344,,,-2.5,-3,-29.5,-4.9,-39.9,-5.7,-46.9
2011,Orioles,13020,1,8,5,1,2,19,-35,3,1,2365,1946,0.823,449,7,14.1,5.4,4.1,-66.8,-2.8,-60.1,-6.4,-47.5
2008,Dodgers,13026,0,-2,0,-8,-2,0,-3,,-12,2330,1922,0.825,444,,30.2,2.9,-2.6,-55.7,3.1,-52.4,-6.6,-48.6
2014,Rockies,12879,-16,-3,-3,0,-8,-5,22,1,-10,2383,1949,0.818,479,11,-14.2,-10.3,-1.6,-14.2,16.2,-9.9,-3.1,-48.9
2016,White Sox,13020,-11,-3,-2,0,17,4,-21,15,-2,2142,1726,0.806,542,-39,-21.3,14.7,0.6,-18.6,4.6,1.3,2.5,-49.3
2006,Pirates,12915,0,7,0,1,-7,-1,-50,,-36,2426,1945,0.802,312,,,-0.6,4,-65.5,8.4,-53.7,-6.8,-49.7
2018,Orioles,12879,-12,-1,2,-1,-2,-5,-68,6,-78,2063,1664,0.807,581,-28,-10,0.8,3,-52.1,-3.6,-51.9,-6.9,-49.9
2007,Devil Rays,12867,0,0,-3,1,12,-6,-89,,-82,2406,1905,0.792,334,,,8.7,-2.3,-49.4,-5.3,-48.2,-5.5,-50.2
2019,Pirates,12960,-8,-5,2,5,-3,1,-59,18,-46,1958,1538,0.785,540,,-7.1,-6.7,2.6,-33.5,-16.4,-54,-8.4,-51
2014,Indians,13215,2,-4,4,-5,4,8,-66,-5,-55,2211,1785,0.807,443,-27,4,1.7,-1.6,-52.2,-7.5,-59.6,-7.8,-52
2013,Astros,12960,-3,0,1,4,-6,4,-38,-11,-52,2279,1864,0.818,504,-8,-1.3,-11.7,4.6,-24.2,-17.4,-48.7,-7.8,-52.1
2006,Indians,12810,0,-5,-8,5,-6,6,-32,,-46,2565,2058,0.802,374,,,-1.8,0.8,-32.1,-6.2,-39.3,-5.3,-53.3
2010,Royals,12930,-5,-3,-1,-9,-10,-20,-52,-1,-96,2485,2023,0.814,392,-79,-11.7,-8.6,-9.1,-25.7,-12.1,-55.5,-8.9,-55.5
2008,Rangers,12978,0,5,-4,5,3,-9,-47,,-55,2485,2021,0.813,453,,-23.9,2.1,-1.6,-43.1,-3.6,-46.2,-5.7,-57.8
2008,Tigers,13005,0,6,2,2,-8,-11,-31,,-32,2399,1965,0.819,421,,-15.1,-8,-3.6,-42.4,-6.3,-60.3,-9.3,-57.9
2018,White Sox,12933,-18,0,-3,2,9,-5,-52,20,-61,1983,1576,0.795,675,-19,-15.8,1.1,3.9,-3.4,-20.3,-18.6,-2.3,-60.1
2009,Royals,12834,0,1,-6,-2,-4,-17,-75,,-104,2298,1861,0.81,423,-74,-3.4,3.7,-3.9,-39.1,-12.2,-51.5,-6.6,-64.3
2010,Pirates,12705,-3,2,-6,-2,5,-9,-62,-1,-81,2366,1855,0.784,449,-36,-17.3,1.7,-4.3,-47,-8.2,-57.7,-7.7,-64.9
2008,Diamondbacks,12912,0,0,-3,0,-11,-13,4,,-32,2239,1831,0.818,393,,6.3,-8,-1.8,-36.2,-10.5,-56.5,-9.3,-66
2013,Mariners,13185,-10,0,-2,-4,-15,-12,-51,-4,-99,2315,1895,0.819,470,-43,-15.2,-14.3,3.4,-20.9,0.6,-31.2,-5.6,-67
2007,Padres,13362,0,-1,-12,1,-5,0,33,,-3,2444,2032,0.831,376,,,-8.4,3.3,-44.1,8,-41.3,-6.7,-72.3
2011,Mets,13032,-6,-1,-7,-10,1,-15,-31,2,-60,2250,1870,0.831,462,-19,-15.2,-7.6,-6.9,-33.2,-14.2,-61.9,-9.8,-72.5
2006,Yankees,12993,0,-4,3,1,-8,3,-34,,-39,2485,2040,0.821,304,,,-6.5,-1.5,-62.6,-9.4,-80.1,-11.8,-75.1
2008,Rockies,13014,0,0,1,3,-12,-3,-17,,-21,2433,2040,0.838,364,,-17.7,-8.8,2.3,-56.3,3.4,-59.4,-8.7,-90.4
