Season,Team,G,PA,HR,R,RBI,SB,BB%,K%,ISO,BABIP,AVG,OBP,SLG,wOBA,wRC+,EV,BsR,Off,Def,WAR
2019,Astros,2309,6394,288,920,891,67,10.10%,18.20%,0.221,0.296,0.274,0.352,0.495,0.355,125,88.3,-9.5,196.3,-2.5,40.8
2016,Cubs,2332,6335,199,808,767,66,10.40%,21.10%,0.173,0.302,0.256,0.343,0.429,0.333,106,88.1,17.3,61.5,104.8,37.1
2011,Yankees,2301,6306,222,867,836,147,9.90%,18.00%,0.181,0.292,0.263,0.343,0.444,0.345,113,,6.6,101.8,39.7,37
2015,Blue Jays,2337,6231,232,891,852,88,9.10%,18.50%,0.188,0.298,0.269,0.34,0.457,0.344,117,88.8,11,135.6,6.6,36.7
2011,Red Sox,2269,6414,203,875,842,102,9.00%,17.30%,0.181,0.314,0.28,0.349,0.461,0.352,117,,-12.2,114.6,16.2,36.3
2013,Red Sox,2264,6382,178,853,819,123,9.10%,20.50%,0.169,0.329,0.277,0.349,0.446,0.347,114,,13.3,116.6,11.9,36.2
2010,Reds,2370,6285,188,790,761,93,8.30%,19.40%,0.164,0.314,0.272,0.338,0.436,0.34,106,,12.7,56.9,96.8,35.7
2016,Red Sox,2284,6320,208,878,836,83,8.80%,18.40%,0.179,0.32,0.282,0.348,0.461,0.346,113,89.1,10.6,110,15.9,35.2
2009,Rays,2345,6223,199,803,765,194,10.30%,19.70%,0.177,0.303,0.263,0.343,0.439,0.342,109,,21.6,90.8,41.8,35.1
2007,Phillies,2446,6537,213,892,850,138,9.80%,18.40%,0.184,0.311,0.274,0.354,0.458,0.351,105,,20.6,63.3,78.5,34.9
2019,Dodgers,2413,6281,279,886,861,57,9.70%,21.60%,0.215,0.291,0.257,0.338,0.472,0.338,111,89.3,11.9,102.7,51.7,34.8
2018,Dodgers,2574,6358,235,804,756,75,10.20%,22.60%,0.191,0.294,0.25,0.333,0.442,0.333,111,89.2,11.4,98.7,38.3,34.8
2008,Cardinals,2396,6370,174,779,744,73,9.10%,15.50%,0.152,0.312,0.281,0.35,0.433,0.342,107,,-10,46.3,90.6,34
2011,Rangers,2186,6261,210,855,807,143,7.60%,14.90%,0.177,0.304,0.283,0.34,0.46,0.347,112,,20.6,107.7,5.3,33.9
2007,Yankees,2366,6528,201,968,929,123,9.80%,15.20%,0.174,0.318,0.29,0.366,0.463,0.361,119,,11.9,168.2,-47.2,33.9
2009,Yankees,2369,6449,244,915,881,111,10.30%,15.70%,0.194,0.306,0.283,0.362,0.478,0.365,117,,0.2,137.9,-25.5,33.8
2012,Angels,2267,6121,187,767,732,134,7.30%,18.20%,0.159,0.311,0.274,0.332,0.433,0.331,114,,13.5,109.9,5.9,33.8
2017,Astros,2313,6271,238,896,854,98,8.10%,17.30%,0.196,0.309,0.282,0.346,0.478,0.349,121,88,-0.4,162.6,-37.9,33.7
2012,Yankees,2367,6231,245,804,774,93,9.10%,18.90%,0.188,0.293,0.265,0.337,0.453,0.342,113,,2.3,97.4,12.1,33.6
2017,Dodgers,2464,6191,221,770,730,77,10.50%,22.30%,0.188,0.293,0.249,0.334,0.437,0.33,104,88.2,5.8,40.7,90.2,33.3
2008,Red Sox,2293,6402,173,845,807,120,10.10%,16.70%,0.168,0.315,0.28,0.358,0.447,0.351,110,,-4.7,72.1,35.4,32.9
2008,Phillies,2396,6273,214,799,762,136,9.30%,17.80%,0.182,0.283,0.255,0.332,0.438,0.334,98,,23.6,4.5,123.4,32.8
2019,Yankees,2312,6245,306,943,904,55,9.10%,23.00%,0.222,0.306,0.267,0.339,0.49,0.346,117,90,-0.8,130.5,-14.5,32.7
2018,Red Sox,2345,6302,208,876,829,125,9.00%,19.90%,0.185,0.309,0.268,0.339,0.453,0.34,110,89.8,-5.1,72.9,30.9,32.1
2009,Phillies,2285,6338,224,820,788,119,9.30%,18.20%,0.189,0.286,0.258,0.334,0.447,0.339,103,,20,42.8,78.4,32
2014,Dodgers,2364,6231,134,718,686,138,8.30%,20.00%,0.14,0.318,0.265,0.333,0.406,0.327,112,,-0.4,81.1,20.3,31.8
2018,Yankees,2269,6271,267,851,821,63,10.00%,22.70%,0.202,0.285,0.249,0.329,0.451,0.335,112,89.4,14.6,104.7,-4.6,31.7
2018,Athletics,2403,6255,227,813,778,35,8.80%,22.10%,0.187,0.294,0.252,0.325,0.439,0.329,111,89.5,-5.8,77.5,23,31.7
2014,Pirates,2362,6224,156,682,659,104,8.40%,20.00%,0.145,0.307,0.259,0.33,0.404,0.325,108,,3.8,61.3,36.7,31.4
2010,Yankees,2313,6379,201,859,823,103,10.40%,17.80%,0.169,0.3,0.267,0.35,0.436,0.346,112,,12.1,101.2,-24.8,31.2
2019,Twins,2320,6392,307,939,906,28,8.20%,20.90%,0.224,0.3,0.27,0.338,0.494,0.347,116,89.7,-8.4,120,-26.7,31
2007,Tigers,2269,6364,177,887,857,103,7.40%,16.60%,0.171,0.323,0.287,0.345,0.458,0.347,108,,8,74.9,19.4,30.7
2010,Rays,2361,6270,160,802,769,172,10.70%,20.60%,0.156,0.293,0.247,0.333,0.403,0.326,106,,37.6,78.3,-3.2,30.7
2011,Brewers,2292,6113,185,721,693,94,7.90%,17.70%,0.164,0.293,0.261,0.325,0.425,0.327,103,,0.3,20.9,82,30.5
2011,Diamondbacks,2230,6096,172,731,702,133,8.70%,20.50%,0.163,0.294,0.25,0.322,0.413,0.322,97,,9,-14.5,117.8,30.5
2014,Angels,2468,6284,155,773,729,81,7.80%,20.10%,0.147,0.305,0.259,0.322,0.406,0.321,110,,1.3,67,11.5,30.4
2008,Cubs,2345,6384,184,855,811,87,10.00%,18.60%,0.165,0.321,0.278,0.354,0.443,0.349,104,,6.1,33.1,64.1,30.1
2010,Brewers,2262,6304,182,750,710,81,8.70%,19.30%,0.161,0.304,0.262,0.335,0.424,0.334,104,,0.6,32.1,66.3,30
2007,Red Sox,2278,6426,166,867,829,96,10.70%,16.20%,0.165,0.315,0.279,0.362,0.444,0.352,109,,-5,70.4,11.8,29.7
2011,Cardinals,2403,6242,162,762,726,57,8.70%,15.70%,0.151,0.305,0.273,0.341,0.425,0.334,112,,-16.5,72.5,17.6,29.6
2015,Giants,2342,6153,136,696,663,93,7.40%,18.80%,0.139,0.313,0.267,0.326,0.406,0.318,104,87.7,-0.4,25.3,62,29.5
2011,Reds,2358,6329,183,735,697,97,8.50%,19.80%,0.152,0.297,0.256,0.326,0.408,0.322,99,,8.7,3.9,81.9,29.4
2008,Rays,2299,6312,180,774,735,142,9.90%,19.40%,0.162,0.302,0.26,0.34,0.422,0.335,105,,5.6,43.7,30.3,29.2
2017,Yankees,2294,6354,241,858,821,90,9.70%,21.80%,0.185,0.304,0.262,0.339,0.447,0.336,109,87.6,11.1,82.3,-6.5,29.2
2009,Angels,2246,6305,173,883,841,148,8.70%,16.70%,0.156,0.322,0.285,0.35,0.441,0.346,109,,8.6,75.8,-5.4,29.1
2015,Dodgers,2379,6090,187,667,638,59,9.20%,20.70%,0.163,0.292,0.25,0.326,0.413,0.322,106,88.6,-15.3,27.9,57.3,29
2012,Giants,2384,6200,103,718,675,118,7.80%,17.70%,0.128,0.315,0.269,0.327,0.397,0.314,101,,13,22.5,66.7,29
2008,Mets,2405,6388,172,799,751,138,9.70%,16.00%,0.154,0.296,0.266,0.34,0.42,0.332,100,,12.7,13.3,72,28.9
2019,Athletics,2363,6269,257,845,800,49,9.20%,21.30%,0.199,0.282,0.249,0.327,0.448,0.327,107,89.4,-1.7,53.2,18.3,28.5
2012,Cardinals,2391,6326,159,765,732,91,8.40%,18.80%,0.15,0.316,0.271,0.338,0.421,0.329,106,,-1.6,46.6,33.9,28.5
2012,Brewers,2415,6224,202,776,741,158,7.50%,19.90%,0.177,0.299,0.259,0.325,0.437,0.329,102,,12.1,29.6,52.2,28.3
2013,Rays,2423,6242,165,700,670,73,9.40%,18.80%,0.151,0.295,0.257,0.329,0.408,0.324,107,,2.5,49.9,9.2,28.2
2006,Mets,2279,6291,200,834,800,146,8.70%,17.00%,0.181,0.293,0.264,0.334,0.445,0.334,99,,20.5,13.8,66.4,28.1
2018,Indians,2413,6300,216,818,786,135,8.80%,18.90%,0.176,0.291,0.259,0.332,0.434,0.33,104,88.8,13.7,45.3,16.8,27.9
2017,Marlins,2399,6248,194,778,743,91,7.80%,20.50%,0.163,0.313,0.267,0.331,0.431,0.325,101,87,1.4,9,65.7,27.9
2010,Twins,2290,6257,142,781,749,68,8.90%,15.50%,0.148,0.306,0.273,0.341,0.422,0.335,106,,-15.8,29.2,17.9,27.8
2007,Mets,2335,6344,177,804,761,200,8.70%,15.50%,0.157,0.303,0.275,0.342,0.432,0.336,100,,14.2,17.2,57.5,27.7
2011,Rays,2284,6152,172,707,674,155,9.30%,19.40%,0.159,0.281,0.244,0.322,0.402,0.319,104,,10.4,35.4,23.1,27.7
2013,Tigers,2274,6388,176,796,767,35,8.30%,16.80%,0.151,0.32,0.283,0.346,0.434,0.341,114,,-19,83.6,-35.3,27.6
2019,Red Sox,2455,6475,245,901,857,68,9.10%,21.30%,0.197,0.313,0.269,0.34,0.466,0.338,106,89.9,-7,42.9,10.9,27.5
2018,Brewers,2496,6210,218,754,711,124,8.60%,23.50%,0.172,0.302,0.252,0.323,0.424,0.322,99,88.9,8.2,2.6,68.3,27.5
2009,Dodgers,2352,6385,145,780,739,116,9.50%,16.70%,0.141,0.309,0.27,0.346,0.412,0.332,102,,4,19,55.4,27.4
2014,Orioles,2294,6130,211,705,681,44,6.50%,21.00%,0.166,0.296,0.256,0.311,0.422,0.323,104,,-6.2,21.6,34.4,27.4
2012,Braves,2264,6126,149,700,660,101,9.30%,21.00%,0.142,0.296,0.247,0.32,0.389,0.31,92,,7.2,-48.7,123.8,27.3
2007,Braves,2398,6374,176,810,781,64,8.40%,18.00%,0.16,0.314,0.275,0.339,0.435,0.337,99,,-6.2,-12.8,80.4,27.2
2013,Giants,2396,6168,107,629,596,67,7.60%,17.50%,0.121,0.304,0.26,0.32,0.381,0.309,100,,-4.1,-1.8,66.3,26.9
2019,Braves,2411,6302,249,855,824,89,9.80%,23.30%,0.195,0.305,0.258,0.336,0.452,0.332,102,89.2,11,26.2,46.2,26.9
2017,Cubs,2420,6283,223,822,785,62,9.90%,22.30%,0.182,0.302,0.255,0.338,0.437,0.331,101,87.4,-6.8,4.8,57.6,26.7
2017,Indians,2367,6234,212,818,780,88,9.70%,18.50%,0.186,0.295,0.263,0.339,0.449,0.336,105,88.1,11.1,48.8,6.8,26.7
2017,Cardinals,2416,6219,196,761,728,81,9.50%,21.70%,0.17,0.304,0.256,0.334,0.426,0.326,101,87.3,2,8.4,51.4,26.3
2014,Nationals,2265,6216,152,686,635,101,8.30%,21.00%,0.14,0.303,0.253,0.321,0.393,0.317,99,,15.3,8.1,42.4,26.2
2006,Padres,2396,6287,161,731,698,123,9.00%,17.60%,0.154,0.299,0.263,0.332,0.416,0.325,99,,5.2,-5.1,65.1,26.1
2013,Cardinals,2341,6202,125,783,745,45,7.80%,17.90%,0.133,0.314,0.269,0.332,0.401,0.322,104,,-9.1,20.9,35,26.1
2015,Astros,2333,6073,230,729,691,121,8.00%,22.90%,0.187,0.292,0.25,0.315,0.437,0.325,108,88.7,8.1,66.5,-19.6,26.1
2018,Braves,2377,6251,175,759,717,90,8.20%,20.60%,0.161,0.302,0.257,0.324,0.417,0.319,97,88,12.6,-11.2,66.8,26
2019,Nationals,2327,6267,231,873,824,116,9.30%,20.90%,0.19,0.306,0.265,0.342,0.454,0.336,103,88.6,3.7,28.8,35.8,26
2017,Twins,2324,6261,206,815,781,95,9.50%,21.40%,0.174,0.306,0.26,0.334,0.434,0.329,103,87.6,14.4,39.7,7.2,26
2018,Astros,2348,6146,205,797,763,71,9.20%,19.50%,0.17,0.289,0.255,0.329,0.425,0.327,109,88,-7,59.9,-11.5,25.9
2016,Giants,2404,6271,130,715,675,79,9.10%,17.70%,0.14,0.299,0.258,0.329,0.398,0.315,96,87.5,-2.8,-34.6,92.8,25.9
2006,Phillies,2410,6509,216,865,823,92,9.60%,18.50%,0.18,0.302,0.267,0.347,0.447,0.341,100,,18.5,15.5,34.6,25.9
2010,Giants,2354,6143,162,697,660,55,7.90%,17.90%,0.151,0.293,0.257,0.321,0.408,0.32,98,,-18.3,-31.8,95.2,25.8
2018,Cardinals,2464,6200,205,759,725,63,8.50%,22.30%,0.16,0.294,0.249,0.321,0.409,0.316,99,88.8,12.9,7.9,47.1,25.8
2013,Orioles,2246,6144,212,745,719,79,6.80%,18.30%,0.171,0.288,0.26,0.313,0.431,0.323,101,,13.8,16.2,22.7,25.7
2013,Braves,2293,6133,181,688,656,64,8.80%,22.60%,0.153,0.3,0.249,0.321,0.402,0.318,101,,-5.7,3.7,50.1,25.6
2016,Dodgers,2491,6164,189,725,680,45,8.50%,21.40%,0.16,0.294,0.249,0.319,0.409,0.314,97,89.3,2,-20,77.9,25.5
2013,Dodgers,2336,6145,138,649,618,78,7.70%,18.60%,0.133,0.308,0.264,0.326,0.396,0.317,103,,-8,14.6,37.2,25.5
2006,Blue Jays,2329,6241,199,809,778,65,8.20%,14.50%,0.179,0.306,0.284,0.348,0.463,0.349,107,,-15,43.5,3.4,25.4
2015,Cubs,2406,6200,171,689,657,95,9.10%,24.50%,0.154,0.305,0.244,0.321,0.398,0.313,96,88.1,15.1,-16,63.6,25.4
2014,Giants,2353,6087,132,665,636,56,7.00%,20.50%,0.133,0.304,0.255,0.311,0.388,0.308,99,,0.5,-5.4,52.8,25.4
2013,Athletics,2313,6209,186,767,725,74,9.20%,19.00%,0.165,0.289,0.254,0.327,0.419,0.327,108,,10,66,-32.4,25.4
2007,Brewers,2330,6238,231,801,774,96,8.00%,18.20%,0.194,0.289,0.262,0.329,0.456,0.337,100,,7.4,7.4,44.1,25.1
2016,Blue Jays,2349,6233,221,759,728,54,10.10%,21.90%,0.178,0.289,0.248,0.33,0.426,0.327,104,89.2,-9,22,8.8,25.1
2018,Cubs,2490,6369,167,761,722,66,9.00%,21.80%,0.152,0.313,0.258,0.333,0.41,0.321,100,88.7,2.2,-1.3,44,25.1
2010,Cardinals,2347,6241,150,736,689,79,8.70%,16.50%,0.139,0.296,0.263,0.332,0.402,0.322,99,,1.8,-7.1,59.6,25
2010,Red Sox,2327,6356,211,818,782,68,9.20%,17.90%,0.183,0.299,0.268,0.339,0.451,0.345,109,,-7.2,59.4,-43.4,24.9
2019,Cubs,2429,6195,256,814,783,45,9.40%,23.60%,0.2,0.297,0.252,0.331,0.452,0.33,102,88.9,-2.2,10.1,45,24.9
2016,Indians,2366,6155,185,777,733,134,8.60%,20.20%,0.168,0.304,0.262,0.329,0.43,0.326,100,88.6,15.8,14.3,16.8,24.9
2014,Tigers,2330,6202,155,757,731,106,7.10%,18.40%,0.15,0.319,0.277,0.331,0.426,0.331,112,,-7.3,72.7,-41.9,24.8
2009,Brewers,2321,6296,182,785,757,68,9.70%,19.60%,0.164,0.305,0.263,0.341,0.426,0.336,103,,-9.6,10.5,38.9,24.6
2008,Brewers,2227,6252,198,750,722,108,8.80%,19.20%,0.179,0.287,0.253,0.325,0.431,0.329,97,,8.9,-11.8,58.8,24.6
2015,Mets,2325,6145,177,683,654,51,7.90%,21.00%,0.156,0.287,0.244,0.312,0.4,0.309,98,88.7,6.2,-7.1,48.7,24.6
2008,Braves,2407,6368,130,753,721,58,9.70%,16.10%,0.138,0.309,0.27,0.345,0.408,0.332,99,,-5.8,-12.7,54.2,24.5
2018,Angels,2467,6108,214,721,690,89,8.40%,21.30%,0.171,0.277,0.242,0.313,0.413,0.313,99,88.2,2.8,-1.3,36.7,24.4
2017,Nationals,2322,6214,215,819,796,108,8.70%,21.40%,0.183,0.311,0.266,0.332,0.449,0.331,99,88.1,11.9,2.4,38.7,24.4
2009,Red Sox,2317,6344,212,872,822,126,10.40%,17.70%,0.184,0.301,0.27,0.352,0.454,0.351,106,,-7.7,41,-19.8,24.4
2006,Yankees,2430,6455,210,930,902,139,10.10%,16.30%,0.177,0.315,0.285,0.363,0.461,0.356,113,,7.4,118.8,-91.9,24.2
2019,Brewers,2514,6309,250,769,744,101,10.00%,24.80%,0.192,0.296,0.246,0.329,0.438,0.324,97,89.7,5.9,-20.4,64.6,24.2
2009,Cardinals,2358,6168,160,730,694,75,8.60%,16.90%,0.152,0.296,0.263,0.332,0.415,0.325,98,,13.4,-1.3,50,24.2
2015,Pirates,2431,6285,140,697,661,98,7.30%,21.00%,0.136,0.314,0.26,0.323,0.396,0.313,97,88.5,3.5,-17.7,49.6,24
2008,Indians,2199,6299,171,805,772,77,8.90%,19.30%,0.162,0.305,0.262,0.339,0.424,0.334,103,,0.7,24.5,-2.8,24
2012,Reds,2211,6115,172,669,636,87,7.90%,20.70%,0.159,0.296,0.251,0.315,0.411,0.314,93,,13.5,-35.8,78.9,23.9
2018,Nationals,2441,6288,191,771,737,119,10.00%,20.50%,0.164,0.297,0.254,0.335,0.419,0.325,100,88.4,8.4,11.1,22.2,23.8
2011,Angels,2187,6088,155,667,629,135,7.30%,17.80%,0.149,0.288,0.253,0.313,0.402,0.313,99,,-3.8,-14.4,38,23.8
2010,Blue Jays,2206,6072,257,755,732,58,7.80%,19.20%,0.206,0.269,0.248,0.312,0.454,0.334,105,,-12.3,24.8,-9.9,23.7
2012,Rays,2406,6105,175,697,665,134,9.40%,21.70%,0.155,0.284,0.24,0.317,0.394,0.311,100,,-0.7,-0.9,20.8,23.7
2012,Nationals,2338,6221,194,731,688,105,7.70%,21.30%,0.166,0.308,0.261,0.322,0.428,0.324,101,,-4.1,4.8,33,23.7
2006,Braves,2435,6284,222,849,818,52,8.40%,18.60%,0.184,0.304,0.27,0.337,0.455,0.339,100,,-13.4,-13.2,48.1,23.7
2016,Astros,2334,6204,198,724,689,102,8.90%,23.40%,0.17,0.298,0.247,0.319,0.417,0.317,101,88.8,-5.4,3,14.6,23.7
2010,Braves,2376,6252,139,738,699,63,10.10%,18.20%,0.143,0.301,0.258,0.339,0.401,0.327,100,,-2.1,-3.2,41.9,23.6
2010,Padres,2352,6148,132,665,630,124,8.80%,19.20%,0.125,0.29,0.246,0.317,0.371,0.304,92,,9.3,-50.5,91.9,23.6
2015,Cardinals,2406,6139,137,647,619,69,8.20%,20.60%,0.142,0.303,0.253,0.321,0.394,0.311,97,88.1,0.9,-21.5,53.8,23.6
2010,Tigers,2274,6312,152,751,717,69,8.70%,18.20%,0.147,0.311,0.268,0.335,0.415,0.33,102,,9.7,23.6,-18.7,23.6
2008,Rangers,2281,6478,194,901,867,81,9.20%,18.60%,0.179,0.325,0.283,0.354,0.462,0.355,112,,11.1,108,-97.3,23.5
2019,Mets,2445,6290,242,791,767,56,8.20%,22.00%,0.185,0.299,0.257,0.328,0.442,0.325,104,89.1,-17,16.2,21.3,23.5
2019,Diamondbacks,2418,6315,220,813,778,88,8.60%,21.50%,0.182,0.293,0.252,0.323,0.434,0.319,94,88,18.3,-32.3,68.5,23.4
2016,Mets,2430,6115,218,671,649,42,8.50%,21.30%,0.171,0.282,0.246,0.316,0.417,0.315,99,88.2,-8.6,-17.5,55.9,23.4
2018,Rays,2371,6195,150,716,664,128,8.70%,22.40%,0.148,0.317,0.258,0.333,0.406,0.322,106,87.7,-0.3,45.7,-23.7,23.4
2012,Rangers,2236,6216,200,808,780,91,7.70%,17.70%,0.173,0.306,0.273,0.334,0.446,0.336,106,,-5.8,39.7,-27.3,23.3
2008,Astros,2312,6051,167,712,684,114,7.40%,17.40%,0.152,0.296,0.263,0.323,0.415,0.322,93,,0.4,-49.3,89.3,23.3
2006,Cardinals,2359,6225,184,781,745,59,8.50%,14.80%,0.163,0.292,0.269,0.337,0.431,0.331,98,,5.9,-13.4,46,23.3
2010,Phillies,2277,6291,166,772,736,108,8.90%,16.90%,0.153,0.292,0.26,0.332,0.413,0.327,99,,13.3,5.2,27.4,23.1
2011,Tigers,2309,6231,169,787,750,49,8.40%,18.30%,0.157,0.318,0.277,0.34,0.434,0.337,109,,-15.2,48.8,-36.5,23.1
2007,Rockies,2407,6498,171,860,823,100,9.60%,17.70%,0.158,0.322,0.28,0.354,0.437,0.346,97,,10.1,-19.7,41.6,23.1
2019,Rays,2459,6285,217,769,730,94,8.60%,23.80%,0.178,0.306,0.254,0.325,0.431,0.321,102,89.5,8.4,27.5,-13,23
2013,Pirates,2369,6135,161,634,603,94,7.60%,21.70%,0.151,0.294,0.245,0.313,0.396,0.312,99,,1.8,-3.6,30.8,22.8
2006,Twins,2226,6228,143,801,754,101,7.90%,14.00%,0.138,0.316,0.287,0.347,0.425,0.334,101,,-1.4,5.9,13.5,22.7
2017,Mets,2396,6169,224,735,713,58,8.60%,20.90%,0.184,0.286,0.25,0.32,0.434,0.322,101,87.1,-11.3,-7.2,32.1,22.6
2013,Brewers,2335,6064,157,640,610,142,6.70%,19.50%,0.145,0.294,0.252,0.311,0.398,0.311,91,,-6.9,-66.1,94,22.6
2013,Indians,2337,6165,171,745,711,117,9.10%,20.80%,0.155,0.3,0.255,0.327,0.41,0.324,104,,11.5,39.2,-29.5,22.6
2013,Reds,2286,6293,155,698,664,67,9.30%,19.80%,0.142,0.293,0.249,0.327,0.391,0.316,96,,-2,-33,52.4,22.5
2009,Twins,2315,6346,172,817,770,85,9.20%,16.10%,0.155,0.306,0.274,0.345,0.429,0.338,104,,15.3,43.2,-41.4,22.4
2019,Cardinals,2413,6167,210,764,714,116,9.10%,23.00%,0.17,0.292,0.245,0.322,0.415,0.314,94,87.9,14.4,-31.5,61.4,22.3
2016,Nationals,2302,6201,203,763,735,121,8.60%,20.20%,0.17,0.293,0.256,0.326,0.426,0.322,96,89.6,16,-16.3,41.2,22.3
2009,Braves,2335,6335,149,735,700,58,9.50%,16.80%,0.142,0.3,0.263,0.339,0.405,0.327,97,,-20.2,-43.9,67.6,22.2
2014,Blue Jays,2397,6167,177,723,690,78,8.10%,18.70%,0.155,0.295,0.259,0.323,0.414,0.325,107,,0,44.6,-37,22.2
2016,Cardinals,2400,6223,225,779,745,35,8.50%,21.20%,0.187,0.294,0.255,0.325,0.443,0.329,105,88.8,-17.1,19.1,2.8,22
2010,Rangers,2312,6302,162,787,740,123,8.10%,15.60%,0.143,0.307,0.276,0.338,0.419,0.333,98,,4.5,-7.4,-4.1,21.8
2006,Tigers,2214,6198,203,822,785,60,6.90%,18.30%,0.174,0.31,0.274,0.329,0.449,0.334,99,,-1.6,-12.2,23.4,21.8
2015,Royals,2263,6116,139,724,689,104,6.30%,15.90%,0.144,0.301,0.269,0.322,0.412,0.318,99,88,-0.3,-8.5,13.8,21.8
2010,Diamondbacks,2271,6183,180,713,691,86,9.50%,24.70%,0.166,0.312,0.25,0.325,0.416,0.325,93,,-8.3,-63.1,85.8,21.8
2012,Diamondbacks,2213,6150,165,734,710,93,8.80%,20.60%,0.159,0.307,0.259,0.328,0.418,0.323,97,,-5.6,-30.6,52,21.8
2007,Indians,2225,6367,178,811,784,72,9.30%,18.90%,0.159,0.31,0.268,0.343,0.428,0.336,104,,0.3,31.7,-29.6,21.7
2017,Rays,2345,6147,228,694,671,88,8.90%,25.00%,0.178,0.296,0.245,0.317,0.422,0.316,99,87.2,11.2,1.1,6.5,21.7
2015,Rangers,2358,6187,172,751,707,101,8.10%,19.90%,0.156,0.3,0.257,0.325,0.413,0.321,98,88.6,21.6,4.5,-3,21.6
2007,Angels,2230,6198,123,822,776,139,8.20%,14.20%,0.133,0.315,0.284,0.345,0.417,0.333,100,,3.7,5.1,2,21.6
2017,Mariners,2323,6166,200,750,714,89,7.90%,20.50%,0.165,0.3,0.259,0.325,0.424,0.321,103,88,-12.6,7.1,-0.8,21.6
2012,Padres,2384,6112,121,651,610,155,8.80%,20.30%,0.133,0.297,0.247,0.319,0.38,0.307,97,,13.8,-8.2,29.1,21.6
2015,Diamondbacks,2393,6276,154,720,680,132,7.80%,20.90%,0.15,0.316,0.264,0.324,0.414,0.319,95,88.5,12.5,-23.6,32.6,21.6
2013,Angels,2311,6260,164,733,696,82,8.40%,19.50%,0.15,0.307,0.264,0.329,0.414,0.325,109,,-9.7,54.6,-58,21.6
2012,Phillies,2294,6172,158,684,659,116,7.40%,17.70%,0.144,0.29,0.255,0.317,0.4,0.311,93,,10.7,-40.6,58.9,21.5
2016,Mariners,2371,6227,223,768,735,56,8.10%,20.70%,0.171,0.297,0.259,0.326,0.43,0.325,108,89.3,-13.5,44.8,-51.2,21.3
2016,Marlins,2460,6133,128,655,626,71,7.30%,19.80%,0.131,0.314,0.263,0.322,0.394,0.309,95,88.4,2.4,-40,57.4,21.3
2008,Yankees,2330,6257,180,789,758,118,8.60%,16.20%,0.156,0.302,0.271,0.342,0.427,0.338,104,,-6.7,24.1,-28.4,21.3
2006,Indians,2135,6303,196,870,839,55,8.80%,19.10%,0.177,0.324,0.28,0.349,0.457,0.347,108,,-2.9,62.7,-61.4,21.2
2014,Athletics,2358,6245,146,729,686,83,9.40%,17.70%,0.137,0.278,0.244,0.32,0.381,0.312,102,,11,26.9,-30.4,21.2
2007,Cubs,2379,6268,151,752,711,86,8.00%,16.80%,0.15,0.308,0.271,0.333,0.422,0.329,90,,-3.9,-87.3,96.6,21.1
2016,Tigers,2295,6127,211,750,719,58,8.00%,21.30%,0.171,0.312,0.267,0.331,0.438,0.33,106,88.9,-16.9,27.2,-31.9,21.1
2019,Phillies,2431,6261,215,774,742,78,9.00%,23.20%,0.181,0.293,0.246,0.319,0.427,0.314,91,88.8,13.8,-59.8,71.3,20.8
2014,Brewers,2327,6065,150,650,617,102,7.00%,19.70%,0.147,0.293,0.25,0.311,0.397,0.313,93,,-12.1,-56.5,62.2,20.8
2016,Orioles,2257,6089,253,744,710,19,7.70%,21.70%,0.188,0.291,0.256,0.317,0.443,0.326,103,89.4,2.5,22.8,-29.8,20.7
2007,Marlins,2423,6344,201,790,749,105,8.20%,21.00%,0.181,0.315,0.267,0.336,0.448,0.34,101,,3.8,9.1,-6.4,20.7
2006,Dodgers,2384,6394,153,820,787,128,9.40%,15.00%,0.157,0.307,0.276,0.348,0.432,0.337,101,,-4.8,3.3,-2.6,20.7
2012,White Sox,2277,6111,211,748,726,109,7.50%,19.70%,0.167,0.289,0.255,0.318,0.422,0.322,99,,-7,-18,8.7,20.7
2015,Yankees,2401,6268,212,764,737,63,8.80%,19.60%,0.17,0.283,0.251,0.323,0.421,0.323,103,88.2,3,25,-35.3,20.7
2012,Tigers,2248,6119,163,726,698,59,8.40%,18.00%,0.154,0.307,0.268,0.335,0.422,0.328,105,,-17.8,15.6,-27.2,20.5
2010,Athletics,2255,6117,109,663,619,156,8.60%,17.30%,0.122,0.297,0.256,0.324,0.378,0.313,95,,17.8,-20.9,1,20.3
2014,Rays,2352,6205,117,612,586,63,8.50%,18.10%,0.12,0.287,0.247,0.317,0.367,0.305,97,,1,-20.2,9.5,20.3
2018,Diamondbacks,2409,6157,176,693,658,79,9.10%,23.70%,0.162,0.286,0.235,0.31,0.397,0.306,89,88.3,7.1,-76.4,79.2,20.3
2019,Angels,2425,6251,220,769,734,65,9.40%,20.40%,0.175,0.281,0.247,0.324,0.422,0.316,99,88,-6.1,-17.2,4.6,20.3
2006,Marlins,2354,6191,182,758,713,110,8.00%,20.20%,0.171,0.309,0.264,0.331,0.435,0.329,96,,12.6,-18.3,20,20.2
2012,Red Sox,2317,6166,165,734,695,97,6.90%,19.40%,0.155,0.301,0.26,0.315,0.415,0.316,95,,2.6,-36.9,20,20.1
2006,Reds,2335,6296,217,749,718,124,9.80%,18.90%,0.175,0.29,0.257,0.336,0.432,0.332,94,,16.4,-36.6,31.1,19.8
2011,Royals,2134,6267,129,730,705,153,7.10%,16.10%,0.14,0.311,0.275,0.329,0.415,0.325,101,,0.7,4.8,-25.3,19.8
2006,Mariners,2259,6213,172,756,703,106,6.50%,15.70%,0.153,0.3,0.272,0.325,0.424,0.322,95,,4,-37.7,26.5,19.7
2019,Indians,2321,6124,223,769,731,103,9.20%,21.80%,0.183,0.289,0.25,0.323,0.432,0.319,94,89.5,4.3,-45.7,31.9,19.7
2006,Astros,2393,6326,174,735,708,79,9.20%,17.00%,0.154,0.286,0.255,0.332,0.409,0.322,90,,5.7,-82.5,74.7,19.7
2013,Rangers,2321,6196,176,730,691,149,7.50%,17.20%,0.15,0.294,0.262,0.323,0.412,0.323,97,,2,-22.7,3.9,19.7
2017,Diamondbacks,2360,6224,220,812,776,103,9.30%,23.40%,0.19,0.306,0.254,0.329,0.445,0.329,95,88,12.4,-27.9,21.1,19.7
2015,Rays,2479,6071,167,644,612,87,7.20%,21.60%,0.154,0.3,0.252,0.314,0.406,0.313,100,87.9,-13.4,-16.5,2.5,19.6
2011,Dodgers,2304,6094,117,644,613,126,8.20%,17.80%,0.118,0.299,0.257,0.322,0.375,0.307,95,,10.2,-24.4,24.3,19.6
2009,Reds,2314,6187,158,673,637,96,8.60%,18.20%,0.147,0.282,0.247,0.318,0.394,0.313,84,,5.2,-118.2,119.4,19.5
2009,Blue Jays,2202,6362,209,798,766,73,8.60%,16.20%,0.174,0.29,0.266,0.333,0.44,0.337,101,,12.2,21.8,-50,19.5
2006,Nationals,2430,6283,164,746,695,123,9.50%,18.40%,0.156,0.301,0.262,0.338,0.418,0.327,96,,3.3,-27.4,18.8,19.5
2017,Reds,2321,6213,219,753,715,120,9.10%,21.40%,0.179,0.294,0.253,0.329,0.433,0.325,95,85.5,-5.3,-47.4,38.7,19.4
2013,Royals,2236,6093,112,648,620,153,6.90%,17.20%,0.119,0.3,0.26,0.315,0.379,0.305,89,,18.2,-57.6,39.6,19.4
2012,Athletics,2247,6183,195,713,676,122,8.90%,22.40%,0.166,0.281,0.238,0.31,0.404,0.311,97,,19.4,0.4,-24.4,19.4
2013,Diamondbacks,2349,6334,130,685,647,62,8.20%,18.00%,0.133,0.301,0.259,0.323,0.391,0.314,93,,-18.5,-69.5,59.4,19.4
2008,Twins,2287,6331,111,829,791,102,8.40%,15.50%,0.129,0.316,0.279,0.34,0.408,0.328,99,,12.3,4.6,-30.5,19.3
2009,Marlins,2394,6312,159,772,727,75,9.00%,19.40%,0.148,0.316,0.268,0.34,0.416,0.332,98,,4.5,-16.3,12,19.3
2006,White Sox,2286,6318,236,868,839,93,7.90%,16.70%,0.184,0.305,0.28,0.342,0.464,0.346,103,,-8.4,14.3,-34.1,19.3
2016,Angels,2419,6041,156,717,686,73,7.80%,16.40%,0.145,0.289,0.26,0.322,0.405,0.314,99,88.4,-16.8,-27.2,6.4,19.2
2016,Rays,2281,6046,216,672,647,60,7.40%,24.50%,0.182,0.293,0.243,0.307,0.426,0.315,98,89.1,-0.4,-12.9,-9,19.1
2015,Indians,2285,6109,141,669,640,86,8.70%,18.90%,0.144,0.299,0.256,0.325,0.401,0.315,97,88.3,8.1,-15.9,-4.5,19.1
2008,Orioles,2340,6211,172,782,750,81,8.60%,15.90%,0.162,0.296,0.267,0.333,0.429,0.333,98,,-5.1,-17.1,-7.7,19
2009,Rangers,2158,6127,224,784,748,149,7.70%,20.50%,0.185,0.296,0.26,0.32,0.445,0.331,92,,9.1,-49.5,24.6,19
2011,Phillies,2203,6279,153,713,693,96,8.60%,16.30%,0.142,0.283,0.253,0.323,0.395,0.315,96,,3.5,-29.3,17.9,19
2009,Rockies,2352,6241,190,804,760,106,10.60%,20.50%,0.18,0.305,0.261,0.343,0.441,0.341,96,,5.3,-29.4,22.8,18.9
2016,Pirates,2458,6261,153,729,696,110,9.00%,21.30%,0.144,0.311,0.257,0.332,0.402,0.318,98,88,-6.7,-26.3,15.6,18.8
2017,Angels,2392,6073,186,710,678,136,8.60%,19.70%,0.155,0.277,0.243,0.315,0.397,0.307,92,86.9,1.4,-61.3,42.6,18.8
2014,Royals,2273,6058,95,651,604,153,6.30%,16.30%,0.113,0.302,0.263,0.314,0.376,0.306,92,,4.8,-48.1,28.1,18.8
2013,Padres,2359,6122,146,618,578,118,7.60%,21.40%,0.133,0.294,0.245,0.308,0.378,0.302,94,,8.8,-35.6,24.4,18.6
2016,Rockies,2369,6236,204,845,805,66,7.90%,21.30%,0.182,0.326,0.275,0.336,0.457,0.339,94,88.5,1.1,-44.8,32.2,18.5
2011,Braves,2322,6169,173,641,606,77,8.20%,20.40%,0.144,0.284,0.243,0.308,0.387,0.306,91,,-4.8,-70.2,57.9,18.5
2008,Marlins,2361,6206,208,770,741,76,8.70%,22.10%,0.179,0.3,0.254,0.326,0.433,0.33,96,,5.7,-27.6,14.2,18.5
2006,Royals,2272,6229,124,757,718,65,7.60%,16.70%,0.14,0.311,0.271,0.332,0.411,0.323,92,,3,-64.7,37.7,18.3
2018,Mariners,2373,6087,176,677,644,79,7.10%,20.10%,0.154,0.295,0.254,0.314,0.408,0.313,100,88.7,-7,-7.1,-17.4,18.2
2017,Red Sox,2334,6338,168,785,735,106,9.00%,19.30%,0.149,0.3,0.258,0.329,0.407,0.316,91,87.3,4.9,-64,30.2,18.2
2011,Giants,2370,6091,121,570,534,85,7.40%,18.40%,0.126,0.281,0.242,0.303,0.368,0.295,88,,-6.5,-87.6,74.2,18.1
2014,Yankees,2288,6082,147,633,591,112,7.40%,18.60%,0.135,0.282,0.245,0.307,0.38,0.305,94,,3.2,-38.8,11.7,18.1
2014,Cardinals,2324,6086,105,619,585,57,7.70%,18.60%,0.116,0.3,0.253,0.32,0.369,0.308,95,,-15.5,-49.3,29.9,18.1
2007,Cardinals,2440,6211,141,725,690,56,8.10%,14.60%,0.132,0.303,0.274,0.337,0.405,0.326,94,,-12.7,-61.5,40.6,18
2015,Red Sox,2268,6237,161,748,706,71,7.70%,18.40%,0.149,0.305,0.265,0.325,0.415,0.321,99,88.6,1.4,-6.2,-28.9,17.9
2015,Nationals,2245,6117,177,703,665,57,8.80%,22.00%,0.151,0.3,0.251,0.321,0.403,0.315,96,89.3,-2.3,-29.9,9.4,17.9
2014,Mets,2294,6145,125,629,602,101,8.40%,20.60%,0.126,0.286,0.239,0.308,0.364,0.299,92,,-0.4,-56.3,32.6,17.8
2018,Pirates,2293,6066,157,692,665,70,7.80%,20.30%,0.154,0.298,0.254,0.317,0.407,0.312,95,88.2,-13.3,-48,29.1,17.7
2015,Orioles,2249,6007,217,713,686,44,7.00%,22.20%,0.171,0.291,0.25,0.307,0.421,0.315,97,88.8,-4.9,-24.2,-5.9,17.7
2007,Devil Rays,2229,6280,187,782,750,131,8.70%,21.10%,0.165,0.318,0.268,0.336,0.433,0.335,103,,8.4,29.3,-66,17.6
2008,Angels,2229,6155,159,765,721,129,7.80%,16.00%,0.145,0.299,0.268,0.33,0.413,0.324,96,,-1,-31,-6.5,17.6
2013,Nationals,2241,6047,161,656,621,88,7.70%,19.70%,0.146,0.292,0.251,0.313,0.398,0.311,94,,3.1,-34.9,16.3,17.6
2017,Athletics,2350,6126,234,739,708,57,9.20%,24.30%,0.19,0.294,0.246,0.319,0.436,0.323,103,88.4,-5.5,19.9,-53.6,17.5
2009,Diamondbacks,2301,6269,173,720,686,102,9.10%,20.70%,0.165,0.299,0.253,0.324,0.418,0.324,89,,13.1,-75,53.6,17.5
2015,Mariners,2407,6131,198,656,624,69,7.80%,21.80%,0.162,0.292,0.249,0.311,0.411,0.313,100,89.9,-23.1,-21,-15.8,17.4
2014,Red Sox,2283,6226,123,634,601,63,8.60%,21.50%,0.124,0.297,0.244,0.316,0.369,0.305,89,,-8.1,-83.3,44.8,17.3
2008,Blue Jays,2244,6191,126,714,681,80,8.40%,15.20%,0.135,0.295,0.264,0.331,0.399,0.322,94,,-10.9,-60.8,19.1,17.3
2017,Brewers,2423,6135,224,732,695,128,8.90%,25.60%,0.18,0.308,0.249,0.322,0.429,0.321,94,87.1,2.4,-48.6,20.7,17.3
2011,Mets,2383,6335,108,718,676,130,9.00%,17.10%,0.127,0.307,0.264,0.335,0.391,0.319,102,,11.1,25.3,-55.1,17.2
2007,Athletics,2220,6365,171,741,711,52,10.40%,17.60%,0.151,0.29,0.256,0.338,0.407,0.328,99,,-7,-12.4,-32.1,17.2
2006,Orioles,2295,6240,164,768,727,121,7.60%,14.10%,0.146,0.302,0.277,0.339,0.424,0.331,96,,-4.5,-36.4,-2.7,17.1
2015,Tigers,2340,6159,151,689,660,83,7.40%,20.40%,0.15,0.322,0.27,0.328,0.42,0.324,103,88.4,-27.6,-8.8,-31.6,17.1
2015,Angels,2459,5990,176,661,621,52,7.30%,19.20%,0.15,0.28,0.246,0.307,0.396,0.305,95,87.8,0.5,-37.2,2.3,17.1
2014,Rockies,2387,6164,186,755,721,85,6.40%,20.80%,0.169,0.326,0.276,0.327,0.445,0.337,97,,-12.3,-33.4,2.2,17
2006,Angels,2264,6221,159,766,737,148,7.80%,14.70%,0.15,0.301,0.274,0.334,0.425,0.327,95,,11.3,-27.4,-12.1,17
2013,Blue Jays,2314,6152,185,712,669,112,8.30%,18.30%,0.158,0.284,0.252,0.318,0.411,0.32,99,,3.8,-2.9,-39.1,17
2007,Dodgers,2417,6282,129,735,706,137,8.10%,13.80%,0.131,0.303,0.275,0.337,0.406,0.326,94,,18.3,-33.6,-1.5,16.8
2008,Tigers,2267,6331,200,821,780,63,9.00%,17.00%,0.173,0.301,0.271,0.34,0.444,0.343,106,,-6.7,42.2,-93.8,16.8
2009,Mariners,2150,6113,160,640,613,89,6.90%,17.90%,0.144,0.293,0.258,0.314,0.402,0.313,89,,-4.5,-86.7,40,16.8
2008,Dodgers,2376,6194,137,700,659,126,8.80%,16.70%,0.134,0.301,0.264,0.333,0.399,0.321,93,,5.1,-51.2,20.4,16.7
2011,Nationals,2341,6090,154,624,594,106,7.70%,21.70%,0.14,0.292,0.242,0.309,0.383,0.305,89,,3.7,-73.1,45.6,16.6
2014,Marlins,2311,6185,122,645,614,58,8.10%,22.90%,0.125,0.316,0.253,0.317,0.378,0.307,95,,-5.6,-42.6,7,16.6
2018,Reds,2402,6240,172,696,665,77,9.00%,22.10%,0.148,0.307,0.254,0.328,0.401,0.317,94,87.3,-1.9,-44.4,8.6,16.6
2009,Giants,2304,6057,122,657,612,78,6.50%,19.10%,0.132,0.302,0.257,0.309,0.389,0.305,83,,10,-117.8,94,16.6
2010,Nationals,2410,6100,149,655,634,110,8.20%,20.00%,0.14,0.294,0.25,0.318,0.39,0.313,90,,-11.3,-84.7,59.9,16.6
2006,Athletics,2197,6281,175,771,735,61,10.30%,15.50%,0.152,0.285,0.26,0.34,0.412,0.328,97,,-16.5,-38.5,-8.1,16.5
2013,Mets,2378,6207,130,619,593,114,8.20%,22.30%,0.129,0.291,0.237,0.306,0.366,0.297,90,,23,-49.4,16.1,16.5
2015,Reds,2337,6196,167,640,613,134,8.00%,20.30%,0.146,0.29,0.248,0.312,0.394,0.307,91,86.9,10.9,-52.3,16.1,16.5
2019,Mariners,2347,6199,239,758,730,115,9.50%,25.50%,0.187,0.287,0.237,0.316,0.424,0.314,98,87.4,13.4,-0.3,-50.1,16.4
2015,Padres,2396,6019,148,650,623,82,7.10%,22.00%,0.142,0.292,0.243,0.3,0.385,0.298,90,87.9,5,-63.5,31.5,16.4
2014,Mariners,2333,5977,136,634,600,96,6.60%,20.60%,0.132,0.29,0.244,0.3,0.376,0.299,94,,3.2,-37.8,-1.5,16.4
2018,Rockies,2368,6178,210,780,748,95,8.20%,22.60%,0.179,0.304,0.256,0.322,0.435,0.325,88,88.9,3.2,-89.1,53.2,16.4
2007,Blue Jays,2308,6197,165,753,719,57,8.60%,16.80%,0.16,0.29,0.259,0.327,0.419,0.326,95,,-11.3,-47.4,-0.8,16.2
2016,Rangers,2324,6089,215,765,746,99,7.20%,20.00%,0.172,0.298,0.262,0.322,0.433,0.324,95,88.8,2,-36.8,-14.5,16.2
2014,Twins,2292,6233,128,715,675,99,8.70%,21.30%,0.135,0.309,0.254,0.324,0.389,0.316,100,,20.9,23.5,-72.6,16.2
2006,Red Sox,2346,6435,192,820,777,51,10.40%,16.40%,0.166,0.298,0.269,0.351,0.435,0.34,100,,-10.3,-13.4,-43.5,16.1
2018,Twins,2351,6154,166,738,704,47,8.70%,21.60%,0.155,0.298,0.25,0.318,0.405,0.313,96,87.9,0.6,-30.9,-17.4,16
2010,Marlins,2300,6194,152,719,686,92,8.30%,22.20%,0.149,0.309,0.254,0.321,0.403,0.318,92,,22.5,-36.4,2.7,15.9
2006,Brewers,2206,6130,180,730,695,71,8.20%,20.10%,0.162,0.3,0.258,0.327,0.42,0.322,89,,-1.5,-87.8,47.7,15.9
2012,Mets,2420,6091,139,650,625,79,8.30%,20.50%,0.137,0.298,0.249,0.316,0.386,0.306,94,,-3.2,-48.6,16.1,15.9
2006,Rangers,2227,6273,183,835,799,53,8.10%,16.90%,0.168,0.311,0.278,0.338,0.446,0.337,97,,-7.4,-31.5,-21.7,15.9
2017,Braves,2374,6216,165,732,706,77,7.60%,19.00%,0.15,0.305,0.263,0.326,0.412,0.316,90,86.7,4.3,-79.8,35,15.9
2007,Padres,2334,6326,171,741,704,55,8.80%,19.40%,0.16,0.291,0.251,0.322,0.411,0.32,96,,3.3,-30.4,-16.6,15.8
2010,White Sox,2212,6118,177,752,710,160,7.60%,15.10%,0.152,0.292,0.268,0.332,0.42,0.332,100,,-8.1,-8,-56.3,15.7
2006,Giants,2313,6136,163,746,711,58,8.10%,14.50%,0.163,0.282,0.259,0.324,0.422,0.32,88,,-15.8,-116.3,73.5,15.7
2016,Diamondbacks,2399,6260,190,752,709,137,7.40%,22.80%,0.171,0.315,0.261,0.32,0.432,0.321,93,89,17.7,-39.7,-2,15.6
2011,Blue Jays,2265,6210,186,743,704,131,8.50%,19.10%,0.164,0.283,0.249,0.317,0.413,0.319,97,,12.1,-11.4,-46.8,15.6
2009,Padres,2348,6179,141,638,605,82,9.50%,19.10%,0.138,0.284,0.242,0.321,0.381,0.309,93,,-10.4,-66.8,28.9,15.5
2007,Reds,2383,6332,204,783,747,97,8.50%,17.60%,0.17,0.298,0.267,0.335,0.436,0.335,94,,-7.2,-58.5,8.4,15.5
2016,Yankees,2308,6058,183,680,647,72,7.80%,19.60%,0.153,0.289,0.252,0.314,0.405,0.311,92,88.1,10.6,-49.5,-7.3,15.5
2008,White Sox,2298,6231,235,811,785,67,8.70%,16.30%,0.185,0.281,0.263,0.332,0.448,0.339,101,,-27.4,-17.8,-43.6,15.5
2014,Cubs,2358,6102,157,614,590,65,7.20%,24.20%,0.146,0.296,0.239,0.3,0.385,0.303,91,,4,-59.8,15.2,15.4
2015,Marlins,2297,5988,120,613,575,112,6.30%,19.20%,0.124,0.307,0.26,0.31,0.384,0.302,91,88.3,-1.2,-67.5,26.9,15.3
2007,Mariners,2338,6209,153,794,754,81,6.30%,13.90%,0.138,0.313,0.287,0.337,0.425,0.333,103,,-9.6,10.4,-68.4,15.3
2007,Rangers,2313,6214,179,816,768,88,8.10%,19.70%,0.163,0.305,0.263,0.328,0.426,0.329,94,,12.6,-33.6,-26.5,15.1
2009,Nationals,2401,6273,156,710,685,73,9.80%,19.30%,0.148,0.302,0.258,0.337,0.406,0.327,96,,-5.7,-37.5,-7.6,15.1
2010,Mets,2348,6144,128,656,625,130,8.20%,17.80%,0.134,0.287,0.249,0.314,0.383,0.307,89,,10.6,-71.2,30.6,15.1
2007,Orioles,2348,6264,142,756,718,144,8.00%,15.00%,0.141,0.302,0.272,0.333,0.412,0.327,95,,-9,-45.5,-17.2,15.1
2009,Tigers,2350,6234,183,743,718,72,8.70%,17.90%,0.156,0.294,0.26,0.331,0.416,0.328,94,,0.4,-48.2,-19.9,15
2018,Mets,2333,6177,170,676,649,71,9.20%,22.70%,0.154,0.283,0.234,0.312,0.389,0.305,94,87.8,2.6,-40.5,-8.3,15
2011,Padres,2355,6074,91,593,563,170,8.20%,21.70%,0.112,0.294,0.237,0.305,0.349,0.29,86,,18.2,-77,34.3,15
2016,White Sox,2217,6131,168,686,656,77,7.40%,21.00%,0.153,0.304,0.257,0.317,0.41,0.314,97,88.4,-2.5,-27,-38,15
2014,Reds,2213,5978,131,595,562,122,6.90%,20.90%,0.127,0.284,0.238,0.296,0.365,0.294,83,,-1.2,-115.7,69.1,14.7
2008,Athletics,2282,6138,125,646,610,88,9.40%,20.00%,0.127,0.289,0.242,0.318,0.369,0.306,86,,12.4,-92.8,27.1,14.7
2012,Orioles,2282,6160,214,712,677,58,7.80%,21.30%,0.17,0.286,0.247,0.311,0.417,0.317,96,,-17.1,-43.9,-24.7,14.6
2009,Athletics,2306,6247,135,759,723,133,8.40%,16.70%,0.135,0.298,0.262,0.328,0.397,0.32,94,,12.8,-37.7,-34.9,14.6
2013,Yankees,2253,6044,144,650,614,115,7.70%,20.10%,0.133,0.285,0.242,0.307,0.376,0.301,86,,4.4,-89.3,28.1,14.6
2009,Indians,2188,6320,161,773,730,84,9.20%,19.20%,0.153,0.308,0.264,0.339,0.417,0.333,100,,-1.1,-0.4,-75.7,14.5
2009,Cubs,2343,6244,161,707,678,56,9.50%,19.00%,0.152,0.296,0.255,0.332,0.407,0.324,90,,-13.2,-89,39,14.5
2011,Cubs,2373,6130,148,654,610,69,6.90%,19.60%,0.144,0.301,0.256,0.314,0.401,0.314,91,,-17.7,-79.9,29.5,14.3
2012,Blue Jays,2289,6094,198,716,677,123,7.80%,20.50%,0.161,0.281,0.245,0.309,0.407,0.311,92,,2.5,-55.6,-14,14.3
2007,Royals,2294,6140,102,706,660,78,7.00%,17.40%,0.126,0.305,0.261,0.322,0.388,0.312,84,,-1.6,-121.5,55.1,14.3
2017,Tigers,2336,6150,187,735,699,65,8.20%,21.30%,0.166,0.306,0.258,0.324,0.424,0.321,98,87.5,-19.8,-37.8,-29.4,14.2
2013,Cubs,2294,6079,172,602,576,63,7.20%,20.20%,0.154,0.275,0.238,0.3,0.392,0.304,90,,-11.9,-78.5,27.3,14.1
2014,Indians,2391,6222,142,669,644,104,8.10%,19.10%,0.136,0.296,0.253,0.317,0.389,0.313,98,,9.9,-2,-65.6,14.1
2010,Angels,2236,6089,155,681,656,104,7.70%,17.60%,0.142,0.281,0.248,0.311,0.39,0.31,94,,-8.8,-54.5,-24.1,14.1
2017,White Sox,2289,6059,186,706,670,71,6.60%,23.10%,0.161,0.309,0.256,0.314,0.417,0.313,95,87,-1.9,-36.4,-29.2,14.1
2007,Twins,2259,6161,118,718,671,112,8.30%,13.60%,0.127,0.291,0.264,0.33,0.391,0.317,91,,2.6,-68.9,-0.4,14.1
2020,White Sox,889,2267,96,306,294,20,7.90%,25.20%,0.192,0.314,0.261,0.326,0.453,0.334,114,88.7,-0.5,38.2,2.5,13.8
2008,Padres,2343,6244,154,637,615,36,8.30%,20.20%,0.14,0.294,0.25,0.317,0.39,0.311,92,,-4.2,-63.8,2.6,13.8
2008,Reds,2392,6188,187,704,677,85,9.00%,18.20%,0.161,0.278,0.247,0.321,0.408,0.319,87,,1.1,-103.4,43.7,13.8
2012,Dodgers,2356,6091,116,637,607,104,7.90%,19.00%,0.122,0.298,0.252,0.317,0.374,0.302,90,,-8.6,-81.8,28.9,13.8
2010,Cubs,2307,6140,149,685,658,55,7.80%,20.10%,0.145,0.304,0.257,0.32,0.401,0.318,90,,-10.3,-82,29,13.8
2006,Cubs,2399,6147,166,716,677,121,6.40%,15.10%,0.154,0.294,0.268,0.319,0.422,0.32,84,,-1,-128.9,65.3,13.7
2011,Marlins,2348,6232,149,625,596,95,8.70%,20.00%,0.142,0.291,0.247,0.318,0.388,0.311,92,,2.1,-55.8,-3.7,13.7
2017,Rockies,2374,6201,192,824,793,59,8.40%,22.70%,0.171,0.332,0.273,0.338,0.444,0.332,88,86.8,-6.4,-105.8,39.9,13.7
2014,Astros,2229,6055,163,629,596,122,8.20%,23.80%,0.141,0.298,0.242,0.309,0.383,0.308,98,,3.6,-8.4,-57.9,13.7
2013,Rockies,2330,6152,159,706,673,112,6.90%,19.60%,0.149,0.317,0.27,0.323,0.418,0.324,87,,17.4,-72.9,15.1,13.7
2006,Rockies,2306,6348,157,813,761,85,8.80%,17.50%,0.163,0.31,0.27,0.341,0.433,0.333,87,,-2.7,-111.8,39.3,13.5
2010,Rockies,2379,6265,173,770,741,99,9.30%,20.30%,0.162,0.31,0.263,0.336,0.425,0.333,90,,9.3,-62.4,2.5,13.4
2019,Padres,2413,6019,219,682,652,70,8.40%,26.30%,0.172,0.293,0.238,0.308,0.41,0.305,88,88.9,-11.1,-110,52.5,13.4
2011,Astros,2377,6150,95,615,579,118,6.50%,18.90%,0.116,0.308,0.258,0.311,0.374,0.301,88,,-0.6,-88.9,28.3,13.3
2014,White Sox,2285,6077,155,660,625,85,6.90%,22.40%,0.146,0.306,0.253,0.31,0.398,0.312,98,,-13.1,-23.8,-46.4,13.3
2010,Dodgers,2310,6140,120,667,621,92,8.70%,19.30%,0.127,0.299,0.252,0.322,0.379,0.309,92,,1.3,-60.9,3.4,13.3
2018,Blue Jays,2435,6076,217,709,680,47,8.20%,22.80%,0.183,0.286,0.244,0.312,0.427,0.319,101,89.2,-27.1,-22.7,-49.7,13.2
2007,Nationals,2528,6201,123,673,646,69,8.50%,18.20%,0.134,0.3,0.256,0.325,0.39,0.315,88,,-10.8,-108.8,39.1,13.2
2014,Diamondbacks,2274,6089,118,615,573,86,6.50%,19.10%,0.127,0.293,0.248,0.302,0.376,0.3,83,,1.5,-113.1,47.5,13
2020,Padres,913,2231,95,325,312,55,9.10%,21.50%,0.209,0.291,0.257,0.333,0.466,0.341,115,89.8,2.1,44.7,7.4,12.9
2014,Braves,2252,6064,123,573,545,95,7.80%,22.60%,0.119,0.298,0.241,0.305,0.36,0.296,86,,-4.4,-99.2,32.7,12.8
2009,Mets,2377,6159,95,671,631,122,8.50%,15.10%,0.124,0.307,0.27,0.335,0.394,0.32,94,,-5.4,-47.9,-16.8,12.8
2012,Royals,2249,6149,131,676,643,132,6.60%,16.80%,0.135,0.302,0.265,0.317,0.4,0.311,94,,-7.4,-50.7,-35.7,12.7
2009,Astros,2340,6040,142,643,616,113,7.40%,16.40%,0.14,0.293,0.26,0.319,0.4,0.315,89,,-18,-98.7,37,12.7
2016,Brewers,2342,6061,194,671,641,181,9.90%,25.50%,0.163,0.304,0.244,0.322,0.407,0.315,92,88.6,5.2,-55,-9.3,12.7
2015,Brewers,2377,6024,145,655,624,84,6.80%,21.60%,0.142,0.303,0.251,0.307,0.393,0.304,87,88,1.5,-88.1,20.7,12.6
2012,Twins,2271,6209,131,701,666,135,8.10%,17.20%,0.13,0.298,0.26,0.325,0.39,0.313,95,,0.7,-32.4,-57.5,12.6
2020,Dodgers,921,2316,118,349,327,29,9.80%,20.30%,0.227,0.276,0.256,0.338,0.483,0.35,122,90,-5.1,60.8,-15.3,12.6
2007,Pirates,2304,6214,148,724,694,68,7.50%,18.30%,0.149,0.303,0.263,0.325,0.411,0.322,90,,-10.4,-94.3,16.8,12.5
2007,Astros,2409,6324,167,723,700,65,8.60%,16.50%,0.152,0.291,0.26,0.33,0.412,0.325,92,,-17.9,-86.9,5.3,12.4
2016,Twins,2290,6245,200,722,690,91,8.20%,22.80%,0.171,0.3,0.251,0.316,0.421,0.317,95,88.5,7.8,-28.3,-65.9,12.4
2011,Orioles,2262,6156,191,708,684,81,7.30%,18.20%,0.156,0.288,0.257,0.316,0.413,0.32,96,,-11.3,-38.8,-48.9,12.3
2018,Phillies,2474,6136,186,677,653,69,9.50%,24.80%,0.158,0.289,0.234,0.314,0.393,0.307,90,88.1,2.9,-71.8,-3.1,12.2
2015,Twins,2311,6017,156,696,661,70,7.30%,21.00%,0.152,0.292,0.247,0.305,0.399,0.305,89,88.1,-5.5,-80.7,-2.1,12.1
2016,Reds,2287,6094,164,716,678,139,7.40%,21.10%,0.152,0.303,0.256,0.316,0.408,0.311,89,86.8,-4.3,-89.7,18.6,12.1
2018,Royals,2184,6063,155,638,606,117,7.00%,21.60%,0.146,0.293,0.245,0.305,0.392,0.303,88,88.2,-7.4,-97.4,11.6,11.8
2016,Royals,2244,6052,147,675,640,121,6.30%,20.20%,0.139,0.309,0.261,0.312,0.4,0.307,89,88.4,-4.3,-83.8,-9.8,11.8
2011,Rockies,2348,6275,163,735,697,118,8.80%,19.10%,0.152,0.3,0.258,0.329,0.41,0.324,88,,-1.8,-92.2,12.7,11.7
2014,Padres,2362,5905,109,535,500,91,7.90%,21.90%,0.115,0.277,0.226,0.292,0.342,0.283,81,,-6.2,-129,56.9,11.7
2011,White Sox,2206,6159,154,654,625,81,7.70%,16.10%,0.136,0.28,0.252,0.319,0.388,0.312,90,,-9.9,-79.7,-13.9,11.7
2009,Orioles,2281,6233,160,741,708,76,8.30%,16.30%,0.147,0.3,0.268,0.332,0.415,0.328,93,,-20.1,-74,-28.1,11.6
2014,Rangers,2264,6026,111,637,597,105,6.90%,19.30%,0.119,0.305,0.256,0.314,0.375,0.305,90,,-1.8,-67.1,-17,11.6
2014,Phillies,2282,6198,125,619,584,109,7.10%,21.10%,0.121,0.292,0.242,0.302,0.363,0.295,86,,10.6,-85.8,4.2,11.6
2019,Blue Jays,2354,6091,247,726,697,51,8.40%,24.90%,0.192,0.28,0.236,0.305,0.428,0.31,92,88.7,-7,-71.7,-25.7,11.5
2018,Rangers,2300,6163,194,737,696,74,9.00%,24.10%,0.164,0.292,0.24,0.318,0.404,0.315,89,88.2,7.2,-77.7,-15.1,11.4
2015,Athletics,2349,6171,146,694,661,78,7.70%,18.10%,0.144,0.288,0.251,0.312,0.395,0.308,95,87.3,-1,-34.4,-60.7,11.3
2017,Orioles,2351,6140,232,743,713,32,6.40%,23.00%,0.175,0.306,0.26,0.312,0.435,0.318,95,88.2,-14.9,-51.3,-44.9,11.3
2012,Cubs,2341,5967,137,613,570,94,7.50%,20.70%,0.138,0.286,0.24,0.302,0.378,0.297,81,,-6,-138.7,65.7,11.3
2020,Braves,900,2344,103,348,338,23,10.20%,24.40%,0.215,0.322,0.268,0.349,0.483,0.355,121,89.5,3.7,65.2,-11.8,11.2
2017,Royals,2342,6027,193,702,660,91,6.50%,19.30%,0.16,0.295,0.259,0.311,0.42,0.312,91,87.4,2.5,-65.6,-28.5,11.1
2019,Reds,2462,6100,227,701,679,80,8.10%,23.50%,0.178,0.288,0.244,0.315,0.422,0.312,87,87.4,-16.7,-118.1,34.5,11.1
2016,Padres,2355,6000,177,686,654,125,7.50%,25.00%,0.155,0.291,0.235,0.299,0.39,0.297,84,87.4,24.8,-92.1,14,11.1
2019,White Sox,2311,6042,182,708,676,63,6.30%,25.60%,0.153,0.329,0.261,0.314,0.414,0.309,93,89.1,5.3,-48.2,-52.2,11
2010,Indians,2255,6165,128,646,601,91,8.80%,19.20%,0.13,0.293,0.248,0.322,0.378,0.311,94,,1.3,-41,-70.3,11
2019,Pirates,2441,6228,163,758,722,64,6.80%,19.50%,0.156,0.309,0.265,0.321,0.42,0.313,92,88.4,-4.6,-68.2,-22.1,10.9
2006,Diamondbacks,2282,6330,160,773,743,76,8.00%,15.20%,0.157,0.294,0.267,0.331,0.424,0.326,87,,-6.6,-112.4,12.3,10.8
2013,Twins,2332,6212,151,614,590,52,8.60%,23.00%,0.138,0.298,0.242,0.312,0.38,0.307,91,,1.2,-66.2,-35.4,10.8
2017,Blue Jays,2455,6154,222,693,661,53,8.80%,21.60%,0.172,0.276,0.24,0.312,0.412,0.312,93,87.4,-15.8,-72.6,-30.2,10.7
2012,Marlins,2269,6057,137,609,576,149,8.00%,20.30%,0.138,0.289,0.244,0.308,0.382,0.3,87,,2.5,-92.8,10.9,10.6
2017,Giants,2372,6137,128,639,612,76,7.60%,19.60%,0.132,0.294,0.249,0.309,0.38,0.296,83,86.7,2.6,-134.1,38.5,10.5
2007,Giants,2371,6213,131,683,641,119,8.60%,14.60%,0.133,0.281,0.254,0.322,0.387,0.31,81,,-4.7,-158.4,60.6,10.5
2009,Pirates,2195,6058,125,636,612,90,8.20%,18.90%,0.135,0.296,0.252,0.318,0.387,0.31,86,,-6.2,-112.7,27.8,10.5
2017,Phillies,2308,6133,174,690,654,59,8.10%,23.10%,0.159,0.304,0.25,0.315,0.409,0.31,87,87.4,-9.5,-109.5,13.1,10.4
2012,Rockies,2429,6183,166,758,716,100,7.30%,19.60%,0.163,0.321,0.274,0.33,0.436,0.331,90,,2.8,-73.6,-14.7,10.3
2008,Giants,2382,6145,94,640,606,108,7.40%,17.00%,0.12,0.305,0.262,0.321,0.382,0.309,83,,-15.4,-149.5,55.9,10.3
2006,Devil Rays,2247,6041,190,689,650,134,7.30%,18.30%,0.165,0.285,0.255,0.314,0.42,0.316,89,,1.9,-84.5,-19,10.3
2012,Pirates,2360,6014,170,651,620,73,7.40%,22.50%,0.152,0.291,0.243,0.304,0.395,0.304,91,,-0.3,-67.7,-17,10.2
2019,Rockies,2452,6288,224,835,803,71,7.80%,23.90%,0.19,0.321,0.265,0.326,0.456,0.328,86,88.5,1.6,-116.6,16.8,10.1
2017,Rangers,2268,6122,237,799,756,113,8.90%,24.40%,0.186,0.291,0.244,0.32,0.43,0.321,90,87.7,6.3,-70.2,-37.6,10.1
2020,Mets,902,2279,86,286,278,20,8.60%,21.90%,0.187,0.32,0.272,0.348,0.459,0.347,122,88.4,-11.1,52.6,-9.3,10.1
2017,Pirates,2371,6136,151,668,635,67,8.50%,19.80%,0.142,0.286,0.244,0.318,0.386,0.304,85,86.3,-2.2,-120,19.3,10
2007,Diamondbacks,2305,6101,171,712,687,109,8.70%,18.20%,0.163,0.282,0.25,0.321,0.413,0.32,82,,8.8,-133.2,34.1,10
2019,Giants,2493,6170,167,678,655,47,7.70%,23.30%,0.153,0.29,0.239,0.302,0.392,0.295,83,87.8,-3.4,-143.3,46.1,10
2013,Mariners,2237,6172,188,624,597,49,8.60%,21.90%,0.152,0.279,0.237,0.306,0.39,0.307,95,,-6.9,-41.3,-66.7,10
2018,Marlins,2434,6083,128,589,554,45,7.50%,22.80%,0.119,0.293,0.237,0.303,0.357,0.289,83,87.5,-15.8,-144.8,49.3,9.9
2015,Braves,2340,6034,100,573,548,69,7.80%,18.30%,0.108,0.297,0.251,0.314,0.359,0.296,84,86.9,-2.7,-115.8,22.4,9.9
2010,Royals,2190,6209,121,676,640,115,7.60%,14.60%,0.126,0.305,0.274,0.331,0.399,0.323,98,,-28.4,-42.4,-81.2,9.9
2020,Giants,974,2259,81,299,290,19,8.60%,22.10%,0.187,0.311,0.263,0.335,0.451,0.337,114,88.9,-3.2,36.4,-16.8,9.8
2020,Yankees,878,2210,94,315,301,27,11.40%,21.70%,0.2,0.28,0.247,0.342,0.447,0.341,116,89.2,6,50.5,-8.3,9.8
2016,Braves,2390,6192,122,649,615,75,8.10%,20.00%,0.13,0.305,0.255,0.321,0.384,0.304,87,88.3,-6.1,-110.6,13.7,9.8
2015,Rockies,2436,6071,186,737,702,97,6.40%,21.10%,0.167,0.313,0.265,0.315,0.432,0.321,86,88.4,4.7,-92.2,-4.2,9.7
2020,Athletics,865,2201,71,274,264,26,10.80%,23.80%,0.171,0.271,0.225,0.322,0.396,0.314,101,89,6.4,9.8,9.8,9.6
2010,Orioles,2240,6109,133,613,577,76,6.90%,17.30%,0.127,0.296,0.259,0.316,0.386,0.31,87,,-21,-112.1,-11,9.6
2008,Diamondbacks,2280,6156,159,720,683,58,9.50%,20.90%,0.164,0.299,0.251,0.327,0.415,0.324,88,,12.1,-84.1,-17.2,9.5
2016,Phillies,2348,5992,161,610,575,96,7.10%,23.00%,0.144,0.292,0.24,0.301,0.385,0.296,81,88.3,0.9,-137.3,43.2,9.4
2020,Rays,946,2261,80,289,274,48,10.70%,26.90%,0.187,0.3,0.238,0.328,0.425,0.325,109,88.9,5.6,31,5.6,9.4
2020,Twins,882,2168,91,269,258,14,8.60%,24.40%,0.186,0.283,0.242,0.315,0.427,0.319,101,89.1,0.4,2.1,-3,9.4
2019,Royals,2269,6080,162,691,655,117,7.50%,23.10%,0.154,0.301,0.247,0.309,0.401,0.302,84,88,-1.7,-124.5,5.4,9.3
2011,Indians,2287,6142,154,704,671,89,8.00%,20.70%,0.146,0.297,0.25,0.317,0.396,0.314,99,,0.4,-8.3,-107.2,9.3
2019,Rangers,2273,6204,223,810,765,131,8.60%,25.40%,0.183,0.304,0.248,0.319,0.431,0.317,88,89.4,12,-87.1,-37.5,9.2
2020,Angels,890,2308,85,294,285,21,10.40%,21.20%,0.182,0.284,0.248,0.332,0.43,0.329,111,89.1,-3.5,27,-15.5,9.2
2012,Mariners,2236,6057,149,619,584,104,7.70%,20.80%,0.135,0.276,0.234,0.296,0.369,0.291,87,,0.1,-89.5,-30.3,8.9
2013,Phillies,2310,6014,140,610,578,73,6.90%,20.00%,0.135,0.293,0.248,0.306,0.384,0.303,89,,-7.4,-82.1,-15.8,8.9
2018,White Sox,2348,6071,182,656,639,98,7.00%,26.30%,0.16,0.304,0.241,0.302,0.401,0.304,92,88.3,-7.2,-62.2,-52.9,8.8
2015,Phillies,2321,6053,130,626,586,88,6.40%,21.00%,0.133,0.299,0.249,0.303,0.382,0.298,86,87.4,-1.9,-100.5,-3.9,8.8
2015,White Sox,2265,6070,136,622,595,68,6.70%,20.30%,0.13,0.296,0.25,0.306,0.38,0.3,89,87.8,-15.2,-94.5,-21.6,8.8
2009,White Sox,2241,6132,184,724,695,113,8.70%,16.70%,0.153,0.285,0.258,0.329,0.411,0.326,91,,-13,-83.7,-45.1,8.6
2008,Nationals,2397,6192,117,641,608,81,8.60%,17.70%,0.122,0.292,0.251,0.323,0.373,0.31,84,,-16.8,-145.5,32.7,8.5
2020,Cubs,908,2214,74,265,248,24,10.30%,25.70%,0.167,0.27,0.22,0.318,0.387,0.309,91,88.9,4.7,-20.1,7.4,8.4
2012,Indians,2339,6195,136,667,635,110,9.00%,17.50%,0.131,0.288,0.251,0.324,0.381,0.31,97,,-13.6,-37.6,-93.2,8.2
2008,Rockies,2310,6312,160,747,714,141,9.00%,19.20%,0.152,0.308,0.263,0.336,0.415,0.33,88,,15.2,-80.8,-40.3,8.1
2018,Padres,2380,6059,162,617,583,95,7.80%,25.10%,0.145,0.294,0.235,0.297,0.38,0.294,84,88.5,-5.7,-123.2,10,8
2006,Pirates,2325,6218,141,691,656,68,7.40%,19.30%,0.134,0.31,0.263,0.327,0.397,0.315,86,,-2.2,-115.1,-13,7.7
2020,Cardinals,827,2011,51,240,231,18,10.20%,23.70%,0.137,0.29,0.234,0.323,0.371,0.306,93,87.3,-0.7,-19.1,7.3,7.6
2008,Mariners,2296,6176,124,671,631,90,6.80%,14.40%,0.124,0.294,0.265,0.318,0.389,0.31,90,,-8.9,-86.2,-52.4,7.6
2011,Athletics,2229,6104,114,645,612,117,8.30%,17.90%,0.125,0.283,0.244,0.311,0.369,0.301,89,,-6.5,-81.9,-49.5,7.5
2008,Royals,2250,6118,120,691,650,79,6.40%,16.40%,0.128,0.307,0.269,0.32,0.397,0.315,87,,-9.5,-109.2,-29.6,7.4
2020,Red Sox,884,2304,81,292,278,31,8.10%,23.70%,0.18,0.321,0.265,0.33,0.445,0.333,106,88.5,-0.5,16.9,-5.6,7
2020,Royals,940,2200,68,248,237,49,7.80%,24.00%,0.158,0.297,0.244,0.309,0.402,0.308,92,87.1,3.1,-19.6,-6.6,7
2017,Padres,2342,5954,189,604,576,89,7.70%,25.20%,0.16,0.287,0.234,0.299,0.393,0.298,82,86.1,6.7,-132.7,7.4,7
2018,Giants,2412,6113,133,603,573,77,7.30%,24.00%,0.129,0.299,0.239,0.3,0.368,0.29,83,87.6,-2.9,-132.9,7.9,7
2020,Phillies,875,2223,82,306,289,35,10.30%,21.60%,0.183,0.299,0.257,0.342,0.439,0.336,109,88.4,3.3,28.4,-18,6.8
2018,Tigers,2323,6029,135,630,597,70,7.10%,22.20%,0.138,0.293,0.241,0.3,0.38,0.295,83,87.6,6.4,-113.7,-20.5,6.7
2011,Pirates,2444,6064,107,610,580,108,8.10%,21.60%,0.123,0.301,0.244,0.309,0.368,0.299,88,,-15.2,-102.8,-17.8,6.7
2020,Indians,869,2247,59,248,234,25,10.60%,23.00%,0.144,0.277,0.228,0.317,0.372,0.303,86,88.2,-1.2,-39.6,6.1,6.5
2020,Blue Jays,910,2263,88,302,288,33,9.00%,22.40%,0.186,0.297,0.255,0.325,0.441,0.329,108,89.5,-2.9,19.7,-14.2,6.4
2019,Orioles,2386,6189,213,729,698,84,7.50%,23.20%,0.168,0.293,0.246,0.31,0.415,0.308,88,88,2,-89.9,-63.8,6.4
2008,Pirates,2340,6278,153,735,705,57,7.60%,16.50%,0.145,0.29,0.258,0.32,0.403,0.317,89,,0.1,-89.3,-48.6,6.3
2012,Astros,2421,6014,146,583,545,105,7.70%,22.70%,0.135,0.288,0.236,0.302,0.371,0.296,82,,-16.9,-144.3,17.7,5.8
2020,Astros,860,2229,69,279,268,22,8.60%,19.70%,0.168,0.273,0.24,0.312,0.408,0.311,99,88.2,-0.6,-2,-19.9,5.7
2013,White Sox,2279,6077,148,598,574,105,6.80%,19.90%,0.129,0.291,0.249,0.302,0.378,0.299,85,,-12.7,-117.6,-29,5.5
2010,Astros,2358,6005,108,611,577,100,6.90%,17.10%,0.115,0.285,0.247,0.303,0.362,0.295,79,,-6.4,-156.9,27.6,5.4
2020,Tigers,882,2076,62,249,242,19,7.10%,27.30%,0.152,0.314,0.245,0.303,0.397,0.303,89,88.5,-2.3,-29.4,-8,5.4
2020,Mariners,843,2181,60,254,244,50,9.50%,25.00%,0.144,0.281,0.226,0.309,0.37,0.298,91,87.8,7,-17.7,-5.7,5.4
2020,Diamondbacks,862,2238,58,269,255,23,8.10%,20.60%,0.15,0.282,0.241,0.312,0.391,0.306,88,88,5.5,-27.6,1.1,5.3
2020,Reds,889,2123,90,243,237,29,11.30%,25.20%,0.191,0.245,0.212,0.312,0.403,0.312,91,88.2,-6,-31.1,-11.7,5.1
2011,Twins,2269,6020,103,619,572,92,7.30%,17.40%,0.113,0.288,0.247,0.306,0.36,0.296,82,,-6.5,-133.2,-25.8,4.3
2020,Brewers,906,2188,75,247,238,15,10.10%,26.60%,0.166,0.278,0.223,0.313,0.389,0.307,89,88.2,-17.6,-49.2,-5.7,4.2
2020,Orioles,906,2242,77,274,264,19,7.30%,22.90%,0.171,0.309,0.258,0.321,0.429,0.323,102,87,-4.1,1.9,-21,3.9
2011,Mariners,2090,5972,109,556,534,125,7.30%,21.40%,0.115,0.283,0.233,0.292,0.348,0.283,80,,11.9,-124.1,-36.6,3.9
2020,Marlins,904,2167,60,263,247,51,8.80%,24.80%,0.141,0.306,0.244,0.319,0.384,0.308,95,87.3,4,-10.5,-10.7,3.5
2013,Marlins,2244,6021,95,513,485,78,7.20%,20.50%,0.104,0.28,0.231,0.293,0.335,0.279,74,,-5.2,-179,29.5,3.3
2020,Nationals,870,2218,66,293,279,33,8.70%,20.30%,0.17,0.308,0.264,0.336,0.433,0.33,103,87.7,-3.6,5.4,-31.8,3.2
2016,Athletics,2343,6022,169,653,634,50,7.30%,19.00%,0.149,0.28,0.246,0.304,0.395,0.302,89,87.8,-22.2,-100.4,-77.5,3
2007,White Sox,2257,6103,190,693,667,78,8.70%,18.80%,0.158,0.278,0.246,0.318,0.404,0.316,86,,-15.7,-126,-55.7,2.9
2020,Rockies,888,2257,63,275,264,42,7.10%,24.10%,0.148,0.316,0.257,0.311,0.405,0.307,76,87,10.8,-59.8,6.1,2.7
2019,Marlins,2402,6045,146,615,593,55,6.50%,24.30%,0.134,0.3,0.241,0.298,0.375,0.288,79,88.3,-23.9,-195.4,26.4,2.6
2010,Mariners,2104,5989,101,513,485,142,7.70%,19.80%,0.104,0.282,0.236,0.298,0.339,0.285,79,,-1,-149.1,-40.5,2.2
2009,Royals,2247,6103,144,686,657,88,7.50%,17.90%,0.146,0.298,0.259,0.318,0.405,0.318,88,,-18.9,-110,-82,2.2
2013,Astros,2266,6020,148,610,566,110,7.10%,25.50%,0.136,0.304,0.24,0.299,0.375,0.298,85,,-8.9,-112.9,-64.4,1.9
2010,Pirates,2327,5974,126,587,570,87,7.80%,20.20%,0.131,0.288,0.242,0.304,0.373,0.3,84,,-5.8,-119.3,-48.1,1.4
2020,Pirates,873,2134,59,219,210,16,7.80%,24.40%,0.137,0.268,0.22,0.284,0.357,0.279,73,88.1,-2.3,-75.3,-9,1.1
2018,Orioles,2313,6034,188,622,593,81,7.00%,23.40%,0.152,0.286,0.239,0.298,0.391,0.299,85,88.5,-9.6,-116.4,-75.1,0.8
2020,Rangers,865,2147,62,224,204,49,7.80%,25.50%,0.147,0.266,0.217,0.285,0.364,0.283,67,88.6,3,-84.1,-17.8,-2.4
2019,Tigers,2316,6039,149,582,556,57,6.50%,26.40%,0.148,0.308,0.24,0.294,0.388,0.29,77,88.1,-6.8,-186.5,-53.8,-2.6
