TeamYear,Season,Team,W%,HR,BB%,ISO,BABIP_x,AVG,OBP,SLG,wOBA,BIZ,Plays,RZR,HR/9,BABIP_y,GB%,HR/FB
2019_Astros,2019,Astros,0.6604938271604939,1.7777777777777777,0.10099999999999999,0.221,0.29600000000000004,0.274,0.35200000000000004,0.495,0.355,10.864197530864198,8.839506172839506,0.8140000000000001,1.42,0.27,0.436,0.16699999999999998
2016_Cubs,2016,Cubs,0.6358024691358025,1.228395061728395,0.10400000000000001,0.173,0.302,0.256,0.343,0.429,0.333,12.018518518518519,10.253086419753087,0.853,1.01,0.255,0.469,0.131
2011_Yankees,2011,Yankees,0.5987654320987654,1.3703703703703705,0.099,0.181,0.292,0.263,0.343,0.444,0.345,13.635802469135802,11.320987654320987,0.83,0.94,0.297,0.442,0.099
2015_Blue Jays,2015,Blue Jays,0.5740740740740741,1.4320987654320987,0.091,0.188,0.298,0.269,0.34,0.457,0.344,13.802469135802468,11.462962962962964,0.831,1.08,0.278,0.43700000000000006,0.11
2011_Red Sox,2011,Red Sox,0.5555555555555556,1.2530864197530864,0.09,0.181,0.314,0.28,0.349,0.461,0.35200000000000004,13.38888888888889,11.296296296296296,0.8440000000000001,0.96,0.285,0.423,0.091
2013_Red Sox,2013,Red Sox,0.5987654320987654,1.0987654320987654,0.091,0.16899999999999998,0.329,0.277,0.349,0.446,0.34700000000000003,12.864197530864198,10.685185185185185,0.831,0.97,0.294,0.429,0.102
2010_Reds,2010,Reds,0.5617283950617284,1.1604938271604939,0.083,0.16399999999999998,0.314,0.272,0.338,0.436,0.34,14.24074074074074,11.975308641975309,0.841,0.98,0.28800000000000003,0.429,0.094
2016_Red Sox,2016,Red Sox,0.5740740740740741,1.2839506172839505,0.08800000000000001,0.179,0.32,0.282,0.348,0.461,0.34600000000000003,12.302469135802468,10.160493827160494,0.826,1.1,0.293,0.415,0.114
2009_Rays,2009,Rays,0.5185185185185185,1.228395061728395,0.10300000000000001,0.177,0.303,0.263,0.343,0.439,0.342,13.549382716049383,11.24074074074074,0.83,1.15,0.289,0.415,0.105
2007_Phillies,2007,Phillies,0.5493827160493827,1.3148148148148149,0.098,0.184,0.311,0.274,0.354,0.458,0.35100000000000003,15.154320987654321,12.277777777777779,0.81,1.22,0.301,0.435,0.11900000000000001
2019_Dodgers,2019,Dodgers,0.654320987654321,1.7222222222222223,0.09699999999999999,0.215,0.29100000000000004,0.257,0.338,0.472,0.338,10.907407407407407,8.858024691358025,0.812,1.15,0.271,0.449,0.141
2018_Dodgers,2018,Dodgers,0.5644171779141104,1.4417177914110428,0.102,0.191,0.294,0.25,0.333,0.442,0.333,11.9079754601227,9.693251533742332,0.8140000000000001,1.09,0.284,0.449,0.134
2008_Cardinals,2008,Cardinals,0.5308641975308642,1.0740740740740742,0.091,0.152,0.312,0.281,0.35,0.433,0.342,14.987654320987655,12.703703703703704,0.848,1.01,0.295,0.45299999999999996,0.10300000000000001
2011_Rangers,2011,Rangers,0.5925925925925926,1.2962962962962963,0.076,0.177,0.304,0.28300000000000003,0.34,0.46,0.34700000000000003,12.802469135802468,10.814814814814815,0.845,1.06,0.278,0.426,0.107
2007_Yankees,2007,Yankees,0.5802469135802469,1.2407407407407407,0.098,0.174,0.318,0.29,0.366,0.463,0.361,15.524691358024691,12.876543209876543,0.8290000000000001,0.93,0.299,0.428,0.085
2009_Yankees,2009,Yankees,0.6358024691358025,1.5061728395061729,0.10300000000000001,0.194,0.306,0.28300000000000003,0.362,0.478,0.365,13.444444444444445,11.425925925925926,0.85,1.12,0.29,0.423,0.111
2012_Angels,2012,Angels,0.5493827160493827,1.154320987654321,0.073,0.159,0.311,0.274,0.332,0.433,0.331,13.839506172839506,11.623456790123457,0.84,1.17,0.277,0.439,0.121
2017_Astros,2017,Astros,0.6234567901234568,1.4691358024691359,0.081,0.196,0.309,0.282,0.34600000000000003,0.478,0.349,11.450617283950617,9.030864197530864,0.789,1.2,0.3,0.473,0.149
2012_Yankees,2012,Yankees,0.5864197530864198,1.5123456790123457,0.091,0.188,0.293,0.265,0.337,0.453,0.342,12.981481481481481,10.592592592592593,0.816,1.18,0.29600000000000004,0.449,0.13
2017_Dodgers,2017,Dodgers,0.6419753086419753,1.3641975308641976,0.105,0.188,0.293,0.249,0.334,0.4370000000000001,0.33,10.88888888888889,8.969135802469136,0.8240000000000001,1.15,0.281,0.42700000000000005,0.134
2008_Red Sox,2008,Red Sox,0.5864197530864198,1.0679012345679013,0.10099999999999999,0.168,0.315,0.28,0.358,0.447,0.35100000000000003,14.277777777777779,11.944444444444445,0.8370000000000001,0.91,0.289,0.435,0.092
2008_Phillies,2008,Phillies,0.5679012345679012,1.3209876543209877,0.09300000000000001,0.182,0.28300000000000003,0.255,0.332,0.438,0.334,13.808641975308642,11.351851851851851,0.8220000000000001,0.99,0.292,0.44799999999999995,0.10800000000000001
2019_Yankees,2019,Yankees,0.6358024691358025,1.8888888888888888,0.091,0.222,0.306,0.267,0.339,0.49,0.34600000000000003,11.45679012345679,8.95679012345679,0.782,1.55,0.29600000000000004,0.424,0.168
2018_Red Sox,2018,Red Sox,0.6666666666666666,1.2839506172839505,0.09,0.185,0.309,0.268,0.339,0.453,0.34,11.62962962962963,9.462962962962964,0.8140000000000001,1.09,0.294,0.424,0.11900000000000001
2009_Phillies,2009,Phillies,0.5740740740740741,1.382716049382716,0.09300000000000001,0.189,0.28600000000000003,0.258,0.334,0.447,0.339,14.037037037037036,11.833333333333334,0.843,1.17,0.29600000000000004,0.408,0.11
2014_Dodgers,2014,Dodgers,0.5802469135802469,0.8271604938271605,0.083,0.14,0.318,0.265,0.333,0.406,0.327,13.54320987654321,11.234567901234568,0.83,0.87,0.292,0.478,0.10800000000000001
2018_Yankees,2018,Yankees,0.6172839506172839,1.6481481481481481,0.1,0.202,0.285,0.249,0.329,0.451,0.335,10.858024691358025,8.654320987654321,0.797,1.09,0.3,0.429,0.129
2018_Athletics,2018,Athletics,0.5987654320987654,1.4012345679012346,0.08800000000000001,0.187,0.294,0.252,0.325,0.439,0.329,12.75925925925926,10.882716049382717,0.853,1.13,0.27,0.436,0.122
2014_Pirates,2014,Pirates,0.5432098765432098,0.9629629629629629,0.084,0.145,0.307,0.259,0.33,0.404,0.325,13.864197530864198,11.283950617283951,0.8140000000000001,0.79,0.29,0.505,0.10300000000000001
2010_Yankees,2010,Yankees,0.5864197530864198,1.2407407407407407,0.10400000000000001,0.16899999999999998,0.3,0.267,0.35,0.436,0.34600000000000003,14.055555555555555,11.61111111111111,0.826,1.12,0.281,0.439,0.107
2019_Twins,2019,Twins,0.6234567901234568,1.8950617283950617,0.08199999999999999,0.224,0.3,0.27,0.338,0.494,0.34700000000000003,12.037037037037036,9.574074074074074,0.795,1.22,0.309,0.418,0.134
2007_Tigers,2007,Tigers,0.5432098765432098,1.0925925925925926,0.07400000000000001,0.171,0.32299999999999995,0.287,0.345,0.458,0.34700000000000003,15.462962962962964,12.858024691358025,0.8320000000000001,1.08,0.295,0.442,0.102
2010_Rays,2010,Rays,0.5925925925925926,0.9876543209876543,0.107,0.156,0.293,0.247,0.333,0.403,0.326,13.74074074074074,11.462962962962964,0.8340000000000001,1.08,0.278,0.413,0.099
2011_Brewers,2011,Brewers,0.5925925925925926,1.1419753086419753,0.079,0.16399999999999998,0.293,0.261,0.325,0.425,0.327,13.271604938271604,11.04320987654321,0.8320000000000001,0.92,0.28800000000000003,0.447,0.09699999999999999
2011_Diamondbacks,2011,Diamondbacks,0.5802469135802469,1.0617283950617284,0.087,0.163,0.294,0.25,0.322,0.413,0.322,13.333333333333334,11.185185185185185,0.8390000000000001,0.99,0.28600000000000003,0.419,0.095
2014_Angels,2014,Angels,0.6049382716049383,0.9567901234567902,0.078,0.147,0.305,0.259,0.322,0.406,0.321,13.697530864197532,11.38888888888889,0.831,0.76,0.285,0.41700000000000004,0.08
2008_Cubs,2008,Cubs,0.6024844720496895,1.1428571428571428,0.1,0.165,0.321,0.278,0.354,0.443,0.349,13.118012422360248,10.937888198757763,0.8340000000000001,0.99,0.281,0.41600000000000004,0.098
2010_Brewers,2010,Brewers,0.47530864197530864,1.123456790123457,0.087,0.161,0.304,0.262,0.335,0.424,0.334,13.685185185185185,11.253086419753087,0.8220000000000001,1.08,0.308,0.418,0.10300000000000001
2007_Red Sox,2007,Red Sox,0.5925925925925926,1.0246913580246915,0.107,0.165,0.315,0.279,0.362,0.444,0.35200000000000004,14.925925925925926,12.314814814814815,0.825,0.94,0.284,0.426,0.087
2011_Cardinals,2011,Cardinals,0.5555555555555556,1.0,0.087,0.151,0.305,0.273,0.341,0.425,0.334,14.746913580246913,12.203703703703704,0.828,0.84,0.29600000000000004,0.47700000000000004,0.09300000000000001
2015_Giants,2015,Giants,0.5185185185185185,0.8395061728395061,0.07400000000000001,0.139,0.313,0.267,0.326,0.406,0.318,13.75925925925926,11.438271604938272,0.831,0.97,0.28300000000000003,0.46,0.10800000000000001
2011_Reds,2011,Reds,0.4876543209876543,1.1296296296296295,0.085,0.152,0.297,0.256,0.326,0.408,0.322,14.166666666666666,12.067901234567902,0.852,1.13,0.282,0.44799999999999995,0.115
2008_Rays,2008,Rays,0.5987654320987654,1.1111111111111112,0.099,0.162,0.302,0.26,0.34,0.422,0.335,13.993827160493828,11.709876543209877,0.8370000000000001,1.02,0.277,0.408,0.09300000000000001
2017_Yankees,2017,Yankees,0.5617283950617284,1.4876543209876543,0.09699999999999999,0.185,0.304,0.262,0.339,0.447,0.336,11.685185185185185,9.462962962962964,0.81,1.19,0.28,0.462,0.142
2009_Angels,2009,Angels,0.5987654320987654,1.0679012345679013,0.087,0.156,0.322,0.285,0.35,0.441,0.34600000000000003,13.993827160493828,11.703703703703704,0.836,1.12,0.301,0.41700000000000004,0.10099999999999999
2015_Dodgers,2015,Dodgers,0.5679012345679012,1.154320987654321,0.092,0.163,0.292,0.25,0.326,0.413,0.322,12.617283950617283,10.444444444444445,0.828,0.9,0.29600000000000004,0.501,0.121
2012_Giants,2012,Giants,0.5802469135802469,0.6358024691358025,0.078,0.128,0.315,0.269,0.327,0.397,0.314,13.617283950617283,11.24074074074074,0.825,0.88,0.289,0.46,0.099
2008_Mets,2008,Mets,0.5493827160493827,1.0617283950617284,0.09699999999999999,0.154,0.29600000000000004,0.266,0.34,0.42,0.332,13.833333333333334,11.518518518518519,0.833,1.0,0.289,0.431,0.105
2019_Athletics,2019,Athletics,0.5987654320987654,1.5864197530864197,0.092,0.199,0.282,0.249,0.327,0.448,0.327,13.061728395061728,10.783950617283951,0.826,1.23,0.278,0.415,0.126
2012_Cardinals,2012,Cardinals,0.5432098765432098,0.9814814814814815,0.084,0.15,0.316,0.271,0.338,0.421,0.329,13.944444444444445,11.345679012345679,0.8140000000000001,0.82,0.298,0.485,0.10400000000000001
2012_Brewers,2012,Brewers,0.5123456790123457,1.2469135802469136,0.075,0.177,0.299,0.259,0.325,0.4370000000000001,0.329,12.851851851851851,10.549382716049383,0.821,1.05,0.313,0.43799999999999994,0.121
2013_Rays,2013,Rays,0.5644171779141104,1.0122699386503067,0.094,0.151,0.295,0.257,0.329,0.408,0.324,13.116564417177914,10.957055214723926,0.835,0.94,0.284,0.446,0.106
2006_Mets,2006,Mets,0.5987654320987654,1.2345679012345678,0.087,0.181,0.293,0.264,0.334,0.445,0.334,14.617283950617283,12.246913580246913,0.838,1.11,0.284,0.433,0.11
2018_Indians,2018,Indians,0.5617283950617284,1.3333333333333333,0.08800000000000001,0.17600000000000002,0.29100000000000004,0.259,0.332,0.434,0.33,12.08641975308642,9.987654320987655,0.826,1.24,0.298,0.425,0.13699999999999998
2017_Marlins,2017,Marlins,0.47530864197530864,1.1975308641975309,0.078,0.163,0.313,0.267,0.331,0.431,0.325,13.024691358024691,10.567901234567902,0.8109999999999999,1.2,0.298,0.425,0.122
2010_Twins,2010,Twins,0.5802469135802469,0.8765432098765432,0.08900000000000001,0.14800000000000002,0.306,0.273,0.341,0.422,0.335,14.802469135802468,12.604938271604938,0.852,0.96,0.299,0.447,0.092
2007_Mets,2007,Mets,0.5432098765432098,1.0925925925925926,0.087,0.157,0.303,0.275,0.342,0.4320000000000001,0.336,14.364197530864198,12.074074074074074,0.841,1.02,0.287,0.408,0.092
2011_Rays,2011,Rays,0.5617283950617284,1.0617283950617284,0.09300000000000001,0.159,0.281,0.244,0.322,0.402,0.319,13.0,10.981481481481481,0.845,1.0,0.265,0.42100000000000004,0.098
2013_Tigers,2013,Tigers,0.5740740740740741,1.0864197530864197,0.083,0.151,0.32,0.28300000000000003,0.34600000000000003,0.434,0.341,13.179012345679013,10.925925925925926,0.8290000000000001,0.79,0.306,0.45399999999999996,0.092
2019_Red Sox,2019,Red Sox,0.5185185185185185,1.5123456790123457,0.091,0.197,0.313,0.269,0.34,0.466,0.338,11.938271604938272,9.864197530864198,0.826,1.32,0.312,0.426,0.14400000000000002
2018_Brewers,2018,Brewers,0.588957055214724,1.3374233128834356,0.086,0.172,0.302,0.252,0.32299999999999995,0.424,0.322,11.319018404907975,9.276073619631902,0.82,1.07,0.279,0.43200000000000005,0.125
2009_Dodgers,2009,Dodgers,0.5864197530864198,0.8950617283950617,0.095,0.141,0.309,0.27,0.34600000000000003,0.412,0.332,13.401234567901234,11.209876543209877,0.836,0.78,0.275,0.43700000000000006,0.081
2014_Orioles,2014,Orioles,0.5925925925925926,1.3024691358024691,0.065,0.166,0.29600000000000004,0.256,0.311,0.422,0.32299999999999995,13.555555555555555,11.203703703703704,0.8270000000000001,0.93,0.28,0.43799999999999994,0.098
2012_Braves,2012,Braves,0.5802469135802469,0.9197530864197531,0.09300000000000001,0.142,0.29600000000000004,0.247,0.32,0.389,0.31,13.444444444444445,11.24074074074074,0.836,0.9,0.284,0.47200000000000003,0.10800000000000001
2007_Braves,2007,Braves,0.5185185185185185,1.0864197530864197,0.084,0.16,0.314,0.275,0.339,0.435,0.337,14.592592592592593,11.975308641975309,0.821,1.06,0.28800000000000003,0.45299999999999996,0.10800000000000001
2013_Giants,2013,Giants,0.4691358024691358,0.6604938271604939,0.076,0.121,0.304,0.26,0.32,0.381,0.309,12.833333333333334,10.746913580246913,0.8370000000000001,0.9,0.295,0.42100000000000004,0.099
2019_Braves,2019,Braves,0.5987654320987654,1.537037037037037,0.098,0.195,0.305,0.258,0.336,0.452,0.332,12.438271604938272,9.91358024691358,0.797,1.26,0.302,0.452,0.15
2017_Cubs,2017,Cubs,0.5679012345679012,1.376543209876543,0.099,0.182,0.302,0.255,0.338,0.4370000000000001,0.331,12.141975308641975,10.04320987654321,0.8270000000000001,1.21,0.285,0.462,0.145
2017_Indians,2017,Indians,0.6296296296296297,1.308641975308642,0.09699999999999999,0.18600000000000005,0.295,0.263,0.339,0.449,0.336,11.277777777777779,9.407407407407407,0.8340000000000001,1.02,0.303,0.441,0.13
2017_Cardinals,2017,Cardinals,0.5123456790123457,1.2098765432098766,0.095,0.17,0.304,0.256,0.334,0.426,0.326,13.055555555555555,10.796296296296296,0.8270000000000001,1.14,0.298,0.46299999999999997,0.135
2014_Nationals,2014,Nationals,0.5925925925925926,0.9382716049382716,0.083,0.14,0.303,0.253,0.321,0.393,0.317,13.679012345679013,11.265432098765432,0.8240000000000001,0.67,0.294,0.44799999999999995,0.075
2006_Padres,2006,Padres,0.5432098765432098,0.9938271604938271,0.09,0.154,0.299,0.263,0.332,0.416,0.325,14.679012345679013,12.401234567901234,0.845,1.08,0.276,0.415,0.10099999999999999
2013_Cardinals,2013,Cardinals,0.5987654320987654,0.7716049382716049,0.078,0.133,0.314,0.269,0.332,0.401,0.322,13.790123456790123,11.450617283950617,0.83,0.69,0.297,0.485,0.085
2015_Astros,2015,Astros,0.5308641975308642,1.4197530864197532,0.08,0.187,0.292,0.25,0.315,0.4370000000000001,0.325,12.271604938271604,9.981481481481481,0.813,0.92,0.285,0.473,0.109
2018_Braves,2018,Braves,0.5555555555555556,1.0802469135802468,0.08199999999999999,0.161,0.302,0.257,0.324,0.417,0.319,11.574074074074074,9.592592592592593,0.8290000000000001,0.95,0.278,0.433,0.11199999999999999
2019_Nationals,2019,Nationals,0.5740740740740741,1.4259259259259258,0.09300000000000001,0.19,0.306,0.265,0.342,0.454,0.336,11.302469135802468,9.376543209876543,0.83,1.26,0.29600000000000004,0.426,0.139
2017_Twins,2017,Twins,0.5246913580246914,1.271604938271605,0.095,0.174,0.306,0.26,0.334,0.434,0.329,13.45679012345679,11.055555555555555,0.8220000000000001,1.4,0.29600000000000004,0.424,0.135
2018_Astros,2018,Astros,0.6358024691358025,1.2654320987654322,0.092,0.17,0.289,0.255,0.329,0.425,0.327,10.833333333333334,8.746913580246913,0.807,0.94,0.28300000000000003,0.44,0.11599999999999999
2016_Giants,2016,Giants,0.5370370370370371,0.8024691358024691,0.091,0.14,0.299,0.258,0.329,0.398,0.315,12.845679012345679,10.679012345679013,0.831,0.97,0.287,0.45299999999999996,0.10800000000000001
2006_Phillies,2006,Phillies,0.5246913580246914,1.3333333333333333,0.096,0.18,0.302,0.267,0.34700000000000003,0.447,0.341,14.666666666666666,12.0,0.818,1.3,0.304,0.43700000000000006,0.13
2010_Giants,2010,Giants,0.5679012345679012,1.0,0.079,0.151,0.293,0.257,0.321,0.408,0.32,12.981481481481481,10.95679012345679,0.8440000000000001,0.83,0.282,0.42,0.08
2018_Cardinals,2018,Cardinals,0.5432098765432098,1.2654320987654322,0.085,0.16,0.294,0.249,0.321,0.409,0.316,12.62962962962963,10.24074074074074,0.8109999999999999,0.89,0.293,0.446,0.105
2013_Orioles,2013,Orioles,0.5246913580246914,1.308641975308642,0.068,0.171,0.28800000000000003,0.26,0.313,0.431,0.32299999999999995,13.197530864197532,11.154320987654321,0.845,1.25,0.29100000000000004,0.42200000000000004,0.129
2013_Braves,2013,Braves,0.5925925925925926,1.117283950617284,0.08800000000000001,0.153,0.3,0.249,0.321,0.402,0.318,13.530864197530864,11.376543209876543,0.841,0.79,0.28800000000000003,0.45799999999999996,0.094
2016_Dodgers,2016,Dodgers,0.5617283950617284,1.1666666666666667,0.085,0.16,0.294,0.249,0.319,0.409,0.314,11.58641975308642,9.438271604938272,0.815,1.02,0.28800000000000003,0.428,0.11699999999999999
2013_Dodgers,2013,Dodgers,0.5679012345679012,0.8518518518518519,0.077,0.133,0.308,0.264,0.326,0.396,0.317,12.716049382716049,10.746913580246913,0.845,0.79,0.29100000000000004,0.47100000000000003,0.099
2006_Blue Jays,2006,Blue Jays,0.5370370370370371,1.228395061728395,0.08199999999999999,0.179,0.306,0.284,0.348,0.463,0.349,14.537037037037036,12.012345679012345,0.826,1.17,0.292,0.46299999999999997,0.12300000000000001
2015_Cubs,2015,Cubs,0.5987654320987654,1.0555555555555556,0.091,0.154,0.305,0.244,0.321,0.398,0.313,12.641975308641975,10.401234567901234,0.823,0.83,0.287,0.466,0.107
2014_Giants,2014,Giants,0.5432098765432098,0.8148148148148148,0.07,0.133,0.304,0.255,0.311,0.388,0.308,13.493827160493828,11.302469135802468,0.838,0.83,0.282,0.45899999999999996,0.094
2013_Athletics,2013,Athletics,0.5925925925925926,1.1481481481481481,0.092,0.165,0.289,0.254,0.327,0.419,0.327,13.407407407407407,11.24074074074074,0.838,1.01,0.276,0.395,0.092
2007_Brewers,2007,Brewers,0.5123456790123457,1.4259259259259258,0.08,0.194,0.289,0.262,0.329,0.456,0.337,14.641975308641975,11.716049382716049,0.8,1.0,0.308,0.415,0.092
2016_Blue Jays,2016,Blue Jays,0.5493827160493827,1.3641975308641976,0.10099999999999999,0.17800000000000002,0.289,0.248,0.33,0.426,0.327,12.882716049382717,10.61111111111111,0.8240000000000001,1.13,0.282,0.466,0.13
2018_Cubs,2018,Cubs,0.5828220858895705,1.0245398773006136,0.09,0.152,0.313,0.258,0.333,0.41,0.321,12.846625766871165,10.766871165644172,0.838,0.96,0.284,0.45,0.115
2010_Cardinals,2010,Cardinals,0.5308641975308642,0.9259259259259259,0.087,0.139,0.29600000000000004,0.263,0.332,0.402,0.322,14.864197530864198,12.08641975308642,0.813,0.82,0.292,0.495,0.092
2010_Red Sox,2010,Red Sox,0.5493827160493827,1.3024691358024691,0.092,0.183,0.299,0.268,0.339,0.451,0.345,14.104938271604938,11.691358024691358,0.8290000000000001,0.94,0.292,0.436,0.09
2019_Cubs,2019,Cubs,0.5185185185185185,1.5802469135802468,0.094,0.2,0.297,0.252,0.331,0.452,0.33,12.481481481481481,10.135802469135802,0.812,1.22,0.3,0.45899999999999996,0.15
2016_Indians,2016,Indians,0.5838509316770186,1.1490683229813665,0.086,0.168,0.304,0.262,0.329,0.43,0.326,12.813664596273291,10.627329192546584,0.8290000000000001,1.16,0.289,0.467,0.13699999999999998
2014_Tigers,2014,Tigers,0.5555555555555556,0.9567901234567902,0.071,0.15,0.319,0.277,0.331,0.426,0.331,14.401234567901234,11.617283950617283,0.807,0.79,0.312,0.442,0.083
2009_Brewers,2009,Brewers,0.49382716049382713,1.123456790123457,0.09699999999999999,0.16399999999999998,0.305,0.263,0.341,0.426,0.336,14.660493827160494,12.432098765432098,0.848,1.3,0.295,0.426,0.12
2008_Brewers,2008,Brewers,0.5555555555555556,1.2222222222222223,0.08800000000000001,0.179,0.287,0.253,0.325,0.431,0.329,14.135802469135802,11.716049382716049,0.8290000000000001,1.08,0.285,0.45399999999999996,0.11699999999999999
2015_Mets,2015,Mets,0.5555555555555556,1.0925925925925926,0.079,0.156,0.287,0.244,0.312,0.4,0.309,13.407407407407407,10.950617283950617,0.8170000000000001,0.94,0.28800000000000003,0.46299999999999997,0.10800000000000001
2008_Braves,2008,Braves,0.4444444444444444,0.8024691358024691,0.09699999999999999,0.138,0.309,0.27,0.345,0.408,0.332,14.32716049382716,11.895061728395062,0.83,0.97,0.293,0.483,0.114
2018_Angels,2018,Angels,0.49382716049382713,1.3209876543209877,0.084,0.171,0.277,0.242,0.313,0.413,0.313,12.203703703703704,9.981481481481481,0.818,1.28,0.294,0.42100000000000004,0.141
2017_Nationals,2017,Nationals,0.5987654320987654,1.3271604938271604,0.087,0.183,0.311,0.266,0.332,0.449,0.331,12.209876543209877,9.932098765432098,0.813,1.18,0.287,0.44,0.128
2009_Red Sox,2009,Red Sox,0.5864197530864198,1.308641975308642,0.10400000000000001,0.184,0.301,0.27,0.35200000000000004,0.454,0.35100000000000003,13.777777777777779,11.530864197530864,0.8370000000000001,1.05,0.309,0.409,0.094
2006_Yankees,2006,Yankees,0.5987654320987654,1.2962962962962963,0.10099999999999999,0.177,0.315,0.285,0.363,0.461,0.35600000000000004,15.339506172839506,12.592592592592593,0.821,1.06,0.289,0.433,0.096
2019_Brewers,2019,Brewers,0.5493827160493827,1.5432098765432098,0.1,0.192,0.29600000000000004,0.246,0.329,0.438,0.324,11.277777777777779,9.030864197530864,0.8009999999999999,1.39,0.292,0.42200000000000004,0.156
2009_Cardinals,2009,Cardinals,0.5617283950617284,0.9876543209876543,0.086,0.152,0.29600000000000004,0.263,0.332,0.415,0.325,14.74074074074074,12.160493827160494,0.825,0.77,0.292,0.498,0.087
2015_Pirates,2015,Pirates,0.6049382716049383,0.8641975308641975,0.073,0.136,0.314,0.26,0.32299999999999995,0.396,0.313,13.351851851851851,10.75925925925926,0.8059999999999999,0.66,0.302,0.504,0.094
2008_Indians,2008,Indians,0.5,1.0555555555555556,0.08900000000000001,0.162,0.305,0.262,0.339,0.424,0.334,15.197530864197532,12.567901234567902,0.8270000000000001,1.06,0.301,0.447,0.105
2012_Reds,2012,Reds,0.5987654320987654,1.0617283950617284,0.079,0.159,0.29600000000000004,0.251,0.315,0.411,0.314,13.401234567901234,11.228395061728396,0.838,0.94,0.28800000000000003,0.45899999999999996,0.107
2018_Nationals,2018,Nationals,0.5061728395061729,1.1790123456790123,0.1,0.16399999999999998,0.297,0.254,0.335,0.419,0.325,11.722222222222221,9.666666666666666,0.825,1.23,0.287,0.41200000000000003,0.128
2011_Angels,2011,Angels,0.5308641975308642,0.9567901234567902,0.073,0.149,0.28800000000000003,0.253,0.313,0.402,0.313,14.074074074074074,12.037037037037036,0.855,0.87,0.282,0.449,0.08800000000000001
2010_Blue Jays,2010,Blue Jays,0.5246913580246914,1.5864197530864197,0.078,0.206,0.269,0.248,0.312,0.454,0.334,13.895061728395062,11.462962962962964,0.825,0.94,0.297,0.457,0.095
2012_Rays,2012,Rays,0.5555555555555556,1.0802469135802468,0.094,0.155,0.284,0.24,0.317,0.394,0.311,13.006172839506172,10.716049382716049,0.8240000000000001,0.86,0.277,0.479,0.107
2012_Nationals,2012,Nationals,0.6049382716049383,1.1975308641975309,0.077,0.166,0.308,0.261,0.322,0.428,0.324,13.537037037037036,11.308641975308642,0.835,0.79,0.282,0.46299999999999997,0.092
2006_Braves,2006,Braves,0.4876543209876543,1.3703703703703705,0.084,0.184,0.304,0.27,0.337,0.455,0.339,14.802469135802468,12.222222222222221,0.826,1.14,0.3,0.45,0.11599999999999999
2016_Astros,2016,Astros,0.5185185185185185,1.2222222222222223,0.08900000000000001,0.17,0.298,0.247,0.319,0.417,0.317,12.333333333333334,9.808641975308642,0.795,1.11,0.306,0.452,0.126
2010_Braves,2010,Braves,0.5617283950617284,0.8580246913580247,0.10099999999999999,0.14300000000000002,0.301,0.258,0.339,0.401,0.327,13.654320987654321,11.166666666666666,0.818,0.79,0.29,0.499,0.09300000000000001
2010_Padres,2010,Padres,0.5555555555555556,0.8148148148148148,0.08800000000000001,0.125,0.29,0.246,0.317,0.371,0.304,13.530864197530864,11.308641975308642,0.836,0.86,0.28600000000000003,0.46,0.09300000000000001
2015_Cardinals,2015,Cardinals,0.6172839506172839,0.845679012345679,0.08199999999999999,0.142,0.303,0.253,0.321,0.394,0.311,13.25925925925926,10.820987654320987,0.816,0.76,0.297,0.48,0.094
2010_Tigers,2010,Tigers,0.5,0.9382716049382716,0.087,0.147,0.311,0.268,0.335,0.415,0.33,14.45679012345679,11.969135802469136,0.828,0.88,0.29600000000000004,0.43799999999999994,0.083
2008_Rangers,2008,Rangers,0.4876543209876543,1.1975308641975309,0.092,0.179,0.325,0.28300000000000003,0.354,0.462,0.355,15.339506172839506,12.475308641975309,0.813,1.1,0.315,0.43200000000000005,0.102
2019_Mets,2019,Mets,0.5308641975308642,1.4938271604938271,0.08199999999999999,0.185,0.299,0.257,0.328,0.442,0.325,12.166666666666666,9.820987654320987,0.807,1.26,0.304,0.434,0.139
2019_Diamondbacks,2019,Diamondbacks,0.5246913580246914,1.3580246913580247,0.086,0.182,0.293,0.252,0.32299999999999995,0.434,0.319,11.475308641975309,9.419753086419753,0.821,1.35,0.295,0.431,0.152
2016_Mets,2016,Mets,0.5370370370370371,1.345679012345679,0.085,0.171,0.282,0.246,0.316,0.417,0.315,12.648148148148149,10.030864197530864,0.7929999999999999,0.95,0.308,0.442,0.111
2018_Rays,2018,Rays,0.5555555555555556,0.9259259259259259,0.087,0.14800000000000002,0.317,0.258,0.333,0.406,0.322,11.87037037037037,9.697530864197532,0.8170000000000001,1.02,0.278,0.439,0.115
2012_Rangers,2012,Rangers,0.5740740740740741,1.2345679012345678,0.077,0.173,0.306,0.273,0.334,0.446,0.336,13.123456790123457,10.753086419753087,0.8190000000000001,1.09,0.292,0.439,0.11599999999999999
2008_Astros,2008,Astros,0.5341614906832298,1.0372670807453417,0.07400000000000001,0.152,0.29600000000000004,0.263,0.32299999999999995,0.415,0.322,14.198757763975156,12.037267080745341,0.848,1.24,0.293,0.433,0.121
2006_Cardinals,2006,Cardinals,0.515527950310559,1.1428571428571428,0.085,0.163,0.292,0.269,0.337,0.431,0.331,14.73913043478261,12.267080745341614,0.8320000000000001,1.21,0.28800000000000003,0.462,0.125
2010_Phillies,2010,Phillies,0.5987654320987654,1.0246913580246915,0.08900000000000001,0.153,0.292,0.26,0.332,0.413,0.327,14.253086419753087,11.790123456790123,0.8270000000000001,1.04,0.289,0.465,0.106
2011_Tigers,2011,Tigers,0.5864197530864198,1.0432098765432098,0.084,0.157,0.318,0.277,0.34,0.434,0.337,14.092592592592593,11.753086419753087,0.8340000000000001,0.93,0.292,0.445,0.09300000000000001
2007_Rockies,2007,Rockies,0.5521472392638037,1.049079754601227,0.096,0.158,0.322,0.28,0.354,0.4370000000000001,0.34600000000000003,15.552147239263803,13.006134969325153,0.836,1.0,0.29,0.465,0.099
2019_Rays,2019,Rays,0.5925925925925926,1.3395061728395061,0.086,0.17800000000000002,0.306,0.254,0.325,0.431,0.321,11.123456790123457,8.858024691358025,0.7959999999999999,1.1,0.29,0.441,0.134
2013_Pirates,2013,Pirates,0.5802469135802469,0.9938271604938271,0.076,0.151,0.294,0.245,0.313,0.396,0.312,13.61111111111111,11.209876543209877,0.8240000000000001,0.62,0.285,0.525,0.08900000000000001
2006_Twins,2006,Twins,0.5925925925925926,0.8827160493827161,0.079,0.138,0.316,0.287,0.34700000000000003,0.425,0.334,15.160493827160494,12.462962962962964,0.8220000000000001,1.14,0.302,0.43700000000000006,0.113
2017_Mets,2017,Mets,0.43209876543209874,1.382716049382716,0.086,0.184,0.28600000000000003,0.25,0.32,0.434,0.322,12.969135802469136,10.345679012345679,0.7979999999999999,1.38,0.319,0.444,0.149
2013_Brewers,2013,Brewers,0.4567901234567901,0.9691358024691358,0.067,0.145,0.294,0.252,0.311,0.398,0.311,13.45679012345679,11.024691358024691,0.8190000000000001,1.09,0.28600000000000003,0.444,0.11900000000000001
2013_Indians,2013,Indians,0.5679012345679012,1.0555555555555556,0.091,0.155,0.3,0.255,0.327,0.41,0.324,12.753086419753087,10.703703703703704,0.8390000000000001,0.92,0.302,0.445,0.107
2013_Reds,2013,Reds,0.5555555555555556,0.9567901234567902,0.09300000000000001,0.142,0.293,0.249,0.327,0.391,0.316,13.209876543209877,11.246913580246913,0.851,1.04,0.273,0.441,0.115
2009_Twins,2009,Twins,0.5337423312883436,1.0552147239263803,0.092,0.155,0.306,0.274,0.345,0.429,0.338,14.374233128834355,12.012269938650308,0.836,1.15,0.301,0.409,0.09699999999999999
2019_Cardinals,2019,Cardinals,0.5617283950617284,1.2962962962962963,0.091,0.17,0.292,0.245,0.322,0.415,0.314,11.845679012345679,9.728395061728396,0.821,1.19,0.28300000000000003,0.449,0.145
2016_Nationals,2016,Nationals,0.5864197530864198,1.2530864197530864,0.086,0.17,0.293,0.256,0.326,0.426,0.322,11.833333333333334,9.697530864197532,0.82,0.96,0.28800000000000003,0.433,0.109
2009_Braves,2009,Braves,0.5308641975308642,0.9197530864197531,0.095,0.142,0.3,0.263,0.339,0.405,0.327,13.660493827160494,11.283950617283951,0.826,0.73,0.299,0.46399999999999997,0.081
2014_Blue Jays,2014,Blue Jays,0.5123456790123457,1.0925925925925926,0.081,0.155,0.295,0.259,0.32299999999999995,0.414,0.325,13.919753086419753,11.401234567901234,0.8190000000000001,0.94,0.294,0.429,0.094
2016_Cardinals,2016,Cardinals,0.5308641975308642,1.3888888888888888,0.085,0.187,0.294,0.255,0.325,0.443,0.329,13.04320987654321,10.592592592592593,0.812,0.99,0.304,0.495,0.128
2010_Rangers,2010,Rangers,0.5555555555555556,1.0,0.081,0.14300000000000002,0.307,0.276,0.338,0.419,0.333,14.0,11.691358024691358,0.835,1.0,0.28,0.415,0.09300000000000001
2006_Tigers,2006,Tigers,0.5864197530864198,1.2530864197530864,0.069,0.174,0.31,0.274,0.329,0.449,0.334,15.296296296296296,12.845679012345679,0.84,0.99,0.284,0.455,0.1
2015_Royals,2015,Royals,0.5864197530864198,0.8580246913580247,0.063,0.14400000000000002,0.301,0.269,0.322,0.412,0.318,13.635802469135802,11.537037037037036,0.846,0.96,0.28600000000000003,0.428,0.099
2010_Diamondbacks,2010,Diamondbacks,0.4012345679012346,1.1111111111111112,0.095,0.166,0.312,0.25,0.325,0.416,0.325,14.364197530864198,11.925925925925926,0.83,1.32,0.29600000000000004,0.418,0.12
2012_Diamondbacks,2012,Diamondbacks,0.5,1.0185185185185186,0.08800000000000001,0.159,0.307,0.259,0.328,0.418,0.32299999999999995,13.598765432098766,11.290123456790123,0.83,0.97,0.301,0.461,0.11
2007_Indians,2007,Indians,0.5925925925925926,1.0987654320987654,0.09300000000000001,0.159,0.31,0.268,0.343,0.428,0.336,15.944444444444445,12.864197530864198,0.807,0.9,0.302,0.45299999999999996,0.087
2017_Rays,2017,Rays,0.49382716049382713,1.4074074074074074,0.08900000000000001,0.17800000000000002,0.29600000000000004,0.245,0.317,0.422,0.316,12.24074074074074,9.858024691358025,0.805,1.2,0.28300000000000003,0.43,0.128
2015_Rangers,2015,Rangers,0.5432098765432098,1.0617283950617284,0.081,0.156,0.3,0.257,0.325,0.413,0.321,14.358024691358025,11.703703703703704,0.815,1.07,0.294,0.442,0.11199999999999999
2007_Angels,2007,Angels,0.5802469135802469,0.7592592592592593,0.08199999999999999,0.133,0.315,0.284,0.345,0.417,0.333,14.851851851851851,12.11111111111111,0.815,0.95,0.307,0.42200000000000004,0.086
2017_Mariners,2017,Mariners,0.48148148148148145,1.2345679012345678,0.079,0.165,0.3,0.259,0.325,0.424,0.321,12.981481481481481,10.419753086419753,0.8029999999999999,1.48,0.28300000000000003,0.40299999999999997,0.141
2012_Padres,2012,Padres,0.4691358024691358,0.7469135802469136,0.08800000000000001,0.133,0.297,0.247,0.319,0.38,0.307,13.191358024691358,11.08641975308642,0.84,1.02,0.284,0.475,0.11699999999999999
2015_Diamondbacks,2015,Diamondbacks,0.4876543209876543,0.9506172839506173,0.078,0.15,0.316,0.264,0.324,0.414,0.319,13.487654320987655,11.098765432098766,0.823,1.12,0.294,0.457,0.12300000000000001
2013_Angels,2013,Angels,0.48148148148148145,1.0123456790123457,0.084,0.15,0.307,0.264,0.329,0.414,0.325,14.135802469135802,11.512345679012345,0.8140000000000001,1.03,0.3,0.42100000000000004,0.10400000000000001
2012_Phillies,2012,Phillies,0.5,0.9753086419753086,0.07400000000000001,0.14400000000000002,0.29,0.255,0.317,0.4,0.311,12.845679012345679,10.691358024691358,0.8320000000000001,1.1,0.298,0.435,0.121
2016_Mariners,2016,Mariners,0.5308641975308642,1.376543209876543,0.081,0.171,0.297,0.259,0.326,0.43,0.325,12.679012345679013,9.975308641975309,0.787,1.32,0.292,0.434,0.138
2016_Marlins,2016,Marlins,0.4906832298136646,0.7950310559006211,0.073,0.131,0.314,0.263,0.322,0.394,0.309,12.322981366459627,10.186335403726709,0.8270000000000001,0.95,0.303,0.43,0.109
2008_Yankees,2008,Yankees,0.5493827160493827,1.1111111111111112,0.086,0.156,0.302,0.271,0.342,0.4270000000000001,0.338,14.87037037037037,12.148148148148149,0.8170000000000001,0.89,0.307,0.457,0.09300000000000001
2006_Indians,2006,Indians,0.48148148148148145,1.2098765432098766,0.08800000000000001,0.177,0.324,0.28,0.349,0.457,0.34700000000000003,15.833333333333334,12.703703703703704,0.802,1.05,0.308,0.447,0.1
2014_Athletics,2014,Athletics,0.5432098765432098,0.9012345679012346,0.094,0.13699999999999998,0.278,0.244,0.32,0.381,0.312,13.641975308641975,11.41358024691358,0.8370000000000001,0.9,0.272,0.456,0.1
2007_Cubs,2007,Cubs,0.5246913580246914,0.9320987654320988,0.08,0.15,0.308,0.271,0.333,0.422,0.329,13.993827160493828,11.765432098765432,0.841,1.03,0.281,0.413,0.096
2016_Tigers,2016,Tigers,0.5341614906832298,1.31055900621118,0.08,0.171,0.312,0.267,0.331,0.438,0.33,13.403726708074535,10.863354037267081,0.81,1.15,0.3,0.445,0.11699999999999999
2019_Phillies,2019,Phillies,0.5,1.3271604938271604,0.09,0.181,0.293,0.246,0.319,0.4270000000000001,0.314,12.38888888888889,10.006172839506172,0.8079999999999999,1.6,0.298,0.431,0.179
2014_Brewers,2014,Brewers,0.5061728395061729,0.9259259259259259,0.07,0.147,0.293,0.25,0.311,0.397,0.313,13.907407407407407,11.32716049382716,0.8140000000000001,1.03,0.289,0.456,0.113
2016_Orioles,2016,Orioles,0.5493827160493827,1.5617283950617284,0.077,0.188,0.29100000000000004,0.256,0.317,0.443,0.326,12.802469135802468,10.524691358024691,0.8220000000000001,1.15,0.299,0.44799999999999995,0.126
2007_Marlins,2007,Marlins,0.4382716049382716,1.2407407407407407,0.08199999999999999,0.181,0.315,0.267,0.336,0.448,0.34,14.74074074074074,11.746913580246913,0.797,1.1,0.321,0.41700000000000004,0.102
2006_Dodgers,2006,Dodgers,0.5432098765432098,0.9444444444444444,0.094,0.157,0.307,0.276,0.348,0.4320000000000001,0.337,15.679012345679013,12.839506172839506,0.8190000000000001,0.94,0.302,0.478,0.09699999999999999
2012_White Sox,2012,White Sox,0.5246913580246914,1.3024691358024691,0.075,0.16699999999999998,0.289,0.255,0.318,0.422,0.322,13.228395061728396,11.154320987654321,0.843,1.16,0.28800000000000003,0.42700000000000005,0.121
2015_Yankees,2015,Yankees,0.5370370370370371,1.308641975308642,0.08800000000000001,0.17,0.28300000000000003,0.251,0.32299999999999995,0.421,0.32299999999999995,13.308641975308642,10.691358024691358,0.8029999999999999,1.12,0.3,0.47,0.136
2012_Tigers,2012,Tigers,0.5432098765432098,1.0061728395061729,0.084,0.154,0.307,0.268,0.335,0.422,0.328,12.765432098765432,10.703703703703704,0.838,0.95,0.307,0.434,0.105
2010_Athletics,2010,Athletics,0.5,0.6728395061728395,0.086,0.122,0.297,0.256,0.324,0.378,0.313,13.938271604938272,11.808641975308642,0.847,0.96,0.274,0.461,0.09699999999999999
2014_Rays,2014,Rays,0.47530864197530864,0.7222222222222222,0.085,0.12,0.287,0.247,0.317,0.3670000000000001,0.305,12.938271604938272,10.506172839506172,0.812,0.89,0.28600000000000003,0.408,0.091
2018_Diamondbacks,2018,Diamondbacks,0.5061728395061729,1.0864197530864197,0.091,0.162,0.28600000000000003,0.235,0.31,0.397,0.306,12.117283950617283,10.067901234567902,0.831,1.07,0.289,0.473,0.13699999999999998
2019_Angels,2019,Angels,0.4444444444444444,1.3580246913580247,0.094,0.175,0.281,0.247,0.324,0.422,0.316,12.290123456790123,10.024691358024691,0.816,1.67,0.29,0.40399999999999997,0.17
2006_Marlins,2006,Marlins,0.48148148148148145,1.123456790123457,0.08,0.171,0.309,0.264,0.331,0.435,0.329,14.345679012345679,11.598765432098766,0.809,1.04,0.299,0.42700000000000005,0.1
2012_Red Sox,2012,Red Sox,0.42592592592592593,1.0185185185185186,0.069,0.155,0.301,0.26,0.315,0.415,0.316,13.574074074074074,11.462962962962964,0.8440000000000001,1.19,0.29600000000000004,0.46399999999999997,0.132
2006_Reds,2006,Reds,0.49382716049382713,1.3395061728395061,0.098,0.175,0.29,0.257,0.336,0.4320000000000001,0.332,15.030864197530864,12.209876543209877,0.812,1.33,0.301,0.415,0.122
2011_Royals,2011,Royals,0.4382716049382716,0.7962962962962963,0.071,0.14,0.311,0.275,0.329,0.415,0.325,14.271604938271604,11.969135802469136,0.8390000000000001,1.01,0.299,0.439,0.099
2006_Mariners,2006,Mariners,0.48148148148148145,1.0617283950617284,0.065,0.153,0.3,0.272,0.325,0.424,0.322,14.67283950617284,12.216049382716049,0.833,1.14,0.297,0.429,0.107
2019_Indians,2019,Indians,0.5740740740740741,1.376543209876543,0.092,0.183,0.289,0.25,0.32299999999999995,0.4320000000000001,0.319,11.61111111111111,9.518518518518519,0.82,1.3,0.29100000000000004,0.397,0.136
2006_Astros,2006,Astros,0.5061728395061729,1.0740740740740742,0.092,0.154,0.28600000000000003,0.255,0.332,0.409,0.322,14.716049382716049,12.32716049382716,0.838,1.12,0.28600000000000003,0.452,0.11599999999999999
2013_Rangers,2013,Rangers,0.558282208588957,1.0797546012269938,0.075,0.15,0.294,0.262,0.32299999999999995,0.412,0.32299999999999995,13.049079754601227,10.889570552147239,0.835,0.97,0.293,0.428,0.107
2017_Diamondbacks,2017,Diamondbacks,0.5740740740740741,1.3580246913580247,0.09300000000000001,0.19,0.306,0.254,0.329,0.445,0.329,12.38888888888889,10.117283950617283,0.8170000000000001,1.07,0.294,0.48100000000000004,0.131
2015_Rays,2015,Rays,0.49382716049382713,1.0308641975308641,0.07200000000000001,0.154,0.3,0.252,0.314,0.406,0.313,12.444444444444445,10.080246913580247,0.81,1.08,0.284,0.418,0.11199999999999999
2011_Dodgers,2011,Dodgers,0.5093167701863354,0.7267080745341615,0.08199999999999999,0.118,0.299,0.257,0.322,0.375,0.307,12.53416149068323,10.559006211180124,0.8420000000000001,0.83,0.285,0.428,0.08800000000000001
2009_Reds,2009,Reds,0.48148148148148145,0.9753086419753086,0.086,0.147,0.282,0.247,0.318,0.394,0.313,13.975308641975309,11.765432098765432,0.8420000000000001,1.16,0.28300000000000003,0.42100000000000004,0.109
2009_Blue Jays,2009,Blue Jays,0.46296296296296297,1.2901234567901234,0.086,0.174,0.29,0.266,0.333,0.44,0.337,14.04320987654321,11.777777777777779,0.8390000000000001,1.12,0.308,0.45,0.11599999999999999
2006_Nationals,2006,Nationals,0.4382716049382716,1.0123456790123457,0.095,0.156,0.301,0.262,0.338,0.418,0.327,15.154320987654321,12.320987654320987,0.813,1.21,0.292,0.396,0.102
2017_Reds,2017,Reds,0.41975308641975306,1.3518518518518519,0.091,0.179,0.294,0.253,0.329,0.433,0.325,12.58641975308642,10.160493827160494,0.807,1.56,0.29600000000000004,0.446,0.168
2013_Royals,2013,Royals,0.5308641975308642,0.691358024691358,0.069,0.119,0.3,0.26,0.315,0.379,0.305,13.234567901234568,11.141975308641975,0.8420000000000001,0.96,0.29,0.418,0.1
2012_Athletics,2012,Athletics,0.5802469135802469,1.2037037037037037,0.08900000000000001,0.166,0.281,0.238,0.31,0.404,0.311,13.91358024691358,11.61111111111111,0.835,0.9,0.279,0.41700000000000004,0.091
2013_Diamondbacks,2013,Diamondbacks,0.5,0.8024691358024691,0.08199999999999999,0.133,0.301,0.259,0.32299999999999995,0.391,0.314,13.518518518518519,11.314814814814815,0.8370000000000001,1.06,0.292,0.46,0.122
2008_Twins,2008,Twins,0.5398773006134969,0.6809815950920245,0.084,0.129,0.316,0.279,0.34,0.408,0.328,15.588957055214724,12.779141104294478,0.82,1.13,0.301,0.42,0.102
2009_Marlins,2009,Marlins,0.5370370370370371,0.9814814814814815,0.09,0.14800000000000002,0.316,0.268,0.34,0.416,0.332,13.839506172839506,11.277777777777779,0.815,1.0,0.298,0.433,0.099
2006_White Sox,2006,White Sox,0.5555555555555556,1.4567901234567902,0.079,0.184,0.305,0.28,0.342,0.464,0.34600000000000003,15.493827160493828,12.67283950617284,0.818,1.24,0.295,0.429,0.11199999999999999
2016_Angels,2016,Angels,0.4567901234567901,0.9629629629629629,0.078,0.145,0.289,0.26,0.322,0.405,0.314,13.141975308641975,10.432098765432098,0.794,1.32,0.301,0.408,0.125
2016_Rays,2016,Rays,0.41975308641975306,1.3333333333333333,0.07400000000000001,0.182,0.293,0.243,0.307,0.426,0.315,12.074074074074074,9.364197530864198,0.7759999999999999,1.33,0.297,0.41,0.131
2015_Indians,2015,Indians,0.5031055900621118,0.8757763975155279,0.087,0.14400000000000002,0.299,0.256,0.325,0.401,0.315,12.453416149068323,10.434782608695652,0.838,1.01,0.28800000000000003,0.445,0.11699999999999999
2008_Orioles,2008,Orioles,0.422360248447205,1.0683229813664596,0.086,0.162,0.29600000000000004,0.267,0.333,0.429,0.333,15.75776397515528,12.906832298136646,0.8190000000000001,1.16,0.298,0.446,0.107
2009_Rangers,2009,Rangers,0.5370370370370371,1.382716049382716,0.077,0.185,0.29600000000000004,0.26,0.32,0.445,0.331,14.290123456790123,12.141975308641975,0.85,1.07,0.28800000000000003,0.425,0.1
2011_Phillies,2011,Phillies,0.6296296296296297,0.9444444444444444,0.086,0.142,0.28300000000000003,0.253,0.32299999999999995,0.395,0.315,13.425925925925926,11.333333333333334,0.8440000000000001,0.73,0.28600000000000003,0.465,0.083
2009_Rockies,2009,Rockies,0.5679012345679012,1.1728395061728396,0.106,0.18,0.305,0.261,0.343,0.441,0.341,13.839506172839506,11.530864197530864,0.833,0.88,0.299,0.473,0.099
2016_Pirates,2016,Pirates,0.48148148148148145,0.9444444444444444,0.09,0.14400000000000002,0.311,0.257,0.332,0.402,0.318,13.209876543209877,10.493827160493828,0.794,1.12,0.306,0.469,0.13
2017_Angels,2017,Angels,0.49382716049382713,1.1481481481481481,0.086,0.155,0.277,0.243,0.315,0.397,0.307,13.17283950617284,10.728395061728396,0.8140000000000001,1.4,0.289,0.41600000000000004,0.141
2014_Royals,2014,Royals,0.5493827160493827,0.5864197530864198,0.063,0.113,0.302,0.263,0.314,0.376,0.306,14.11111111111111,11.604938271604938,0.8220000000000001,0.79,0.292,0.431,0.08199999999999999
2013_Padres,2013,Padres,0.4691358024691358,0.9012345679012346,0.076,0.133,0.294,0.245,0.308,0.378,0.302,13.574074074074074,11.290123456790123,0.8320000000000001,0.96,0.292,0.45799999999999996,0.10800000000000001
2016_Rockies,2016,Rockies,0.46296296296296297,1.2592592592592593,0.079,0.182,0.326,0.275,0.336,0.457,0.339,13.104938271604938,10.203703703703704,0.779,1.14,0.317,0.491,0.141
2011_Braves,2011,Braves,0.5493827160493827,1.0679012345679013,0.08199999999999999,0.14400000000000002,0.284,0.243,0.308,0.387,0.306,13.351851851851851,11.197530864197532,0.8390000000000001,0.76,0.28800000000000003,0.475,0.092
2008_Marlins,2008,Marlins,0.5217391304347826,1.2919254658385093,0.087,0.179,0.3,0.254,0.326,0.433,0.33,14.111801242236025,11.68944099378882,0.828,1.01,0.29,0.41700000000000004,0.098
2006_Royals,2006,Royals,0.38271604938271603,0.7654320987654321,0.076,0.14,0.311,0.271,0.332,0.411,0.32299999999999995,15.777777777777779,13.185185185185185,0.836,1.34,0.311,0.42200000000000004,0.121
2018_Mariners,2018,Mariners,0.5493827160493827,1.0864197530864197,0.071,0.154,0.295,0.254,0.314,0.408,0.313,12.882716049382717,10.246913580246913,0.795,1.21,0.295,0.425,0.127
2017_Red Sox,2017,Red Sox,0.5740740740740741,1.037037037037037,0.09,0.149,0.3,0.258,0.329,0.407,0.316,11.91358024691358,9.75925925925926,0.8190000000000001,1.18,0.303,0.41,0.127
2011_Giants,2011,Giants,0.5308641975308642,0.7469135802469136,0.07400000000000001,0.126,0.281,0.242,0.303,0.368,0.295,12.623456790123457,10.691358024691358,0.847,0.59,0.28300000000000003,0.46399999999999997,0.069
2014_Yankees,2014,Yankees,0.5185185185185185,0.9074074074074074,0.07400000000000001,0.135,0.282,0.245,0.307,0.38,0.305,12.993827160493828,10.524691358024691,0.81,1.02,0.298,0.43700000000000006,0.113
2014_Cardinals,2014,Cardinals,0.5555555555555556,0.6481481481481481,0.077,0.116,0.3,0.253,0.32,0.369,0.308,13.018518518518519,10.716049382716049,0.823,0.76,0.28600000000000003,0.45399999999999996,0.086
2007_Cardinals,2007,Cardinals,0.48148148148148145,0.8703703703703703,0.081,0.132,0.303,0.274,0.337,0.405,0.326,15.283950617283951,12.469135802469136,0.816,1.05,0.293,0.435,0.096
2015_Red Sox,2015,Red Sox,0.48148148148148145,0.9938271604938271,0.077,0.149,0.305,0.265,0.325,0.415,0.321,13.191358024691358,10.864197530864198,0.8240000000000001,1.11,0.305,0.441,0.11599999999999999
2015_Nationals,2015,Nationals,0.5123456790123457,1.0925925925925926,0.08800000000000001,0.151,0.3,0.251,0.321,0.403,0.315,12.771604938271604,10.290123456790123,0.8059999999999999,0.91,0.3,0.447,0.10300000000000001
2014_Mets,2014,Mets,0.4876543209876543,0.7716049382716049,0.084,0.126,0.28600000000000003,0.239,0.308,0.364,0.299,13.561728395061728,11.11111111111111,0.8190000000000001,0.87,0.295,0.45799999999999996,0.099
2018_Pirates,2018,Pirates,0.5093167701863354,0.9751552795031055,0.078,0.154,0.298,0.254,0.317,0.407,0.312,12.397515527950311,10.037267080745341,0.81,1.09,0.29600000000000004,0.434,0.121
2015_Orioles,2015,Orioles,0.5,1.3395061728395061,0.07,0.171,0.29100000000000004,0.25,0.307,0.421,0.315,12.987654320987655,10.5,0.8079999999999999,1.09,0.298,0.452,0.12
2007_Rays,2007,Rays,0.4074074074074074,1.154320987654321,0.087,0.165,0.318,0.268,0.336,0.433,0.335,14.851851851851851,11.75925925925926,0.792,1.25,0.331,0.418,0.111
2008_Angels,2008,Angels,0.6172839506172839,0.9814814814814815,0.078,0.145,0.299,0.268,0.33,0.413,0.324,14.530864197530864,12.018518518518519,0.8270000000000001,0.99,0.29600000000000004,0.44299999999999995,0.098
2013_Nationals,2013,Nationals,0.5308641975308642,0.9938271604938271,0.077,0.146,0.292,0.251,0.313,0.398,0.311,13.12962962962963,10.981481481481481,0.836,0.88,0.29100000000000004,0.45,0.098
2017_Athletics,2017,Athletics,0.46296296296296297,1.4444444444444444,0.092,0.19,0.294,0.246,0.319,0.436,0.32299999999999995,13.697530864197532,11.308641975308642,0.826,1.32,0.294,0.449,0.139
2009_Diamondbacks,2009,Diamondbacks,0.43209876543209874,1.0679012345679013,0.091,0.165,0.299,0.253,0.324,0.418,0.324,13.969135802469136,11.598765432098766,0.83,1.04,0.298,0.43200000000000005,0.10300000000000001
2015_Mariners,2015,Mariners,0.4691358024691358,1.2222222222222223,0.078,0.162,0.292,0.249,0.311,0.411,0.313,13.907407407407407,11.302469135802468,0.813,1.11,0.298,0.46299999999999997,0.125
2014_Red Sox,2014,Red Sox,0.4382716049382716,0.7592592592592593,0.086,0.124,0.297,0.244,0.316,0.369,0.305,13.87037037037037,11.345679012345679,0.818,0.95,0.301,0.436,0.099
2008_Blue Jays,2008,Blue Jays,0.5308641975308642,0.7777777777777778,0.084,0.135,0.295,0.264,0.331,0.399,0.322,14.123456790123457,11.864197530864198,0.84,0.83,0.284,0.466,0.09300000000000001
2017_Brewers,2017,Brewers,0.5308641975308642,1.382716049382716,0.08900000000000001,0.18,0.308,0.249,0.322,0.429,0.321,11.907407407407407,9.475308641975309,0.7959999999999999,1.15,0.298,0.457,0.135
2011_Mets,2011,Mets,0.47530864197530864,0.6666666666666666,0.09,0.127,0.307,0.264,0.335,0.391,0.319,13.88888888888889,11.54320987654321,0.831,0.91,0.299,0.461,0.094
2007_Athletics,2007,Athletics,0.4691358024691358,1.0555555555555556,0.10400000000000001,0.151,0.29,0.256,0.338,0.407,0.328,15.425925925925926,12.907407407407407,0.8370000000000001,0.86,0.29600000000000004,0.44799999999999995,0.083
2006_Orioles,2006,Orioles,0.43209876543209874,1.0123456790123457,0.076,0.146,0.302,0.277,0.339,0.424,0.331,15.271604938271604,12.734567901234568,0.8340000000000001,1.37,0.307,0.423,0.127
2015_Tigers,2015,Tigers,0.45962732919254656,0.937888198757764,0.07400000000000001,0.15,0.322,0.27,0.328,0.42,0.324,13.770186335403727,11.118012422360248,0.807,1.2,0.298,0.429,0.12
2015_Angels,2015,Angels,0.5246913580246914,1.0864197530864197,0.073,0.15,0.28,0.246,0.307,0.396,0.305,13.290123456790123,11.012345679012345,0.8290000000000001,1.04,0.285,0.415,0.1
2014_Rockies,2014,Rockies,0.4074074074074074,1.1481481481481481,0.064,0.16899999999999998,0.326,0.276,0.327,0.445,0.337,14.709876543209877,12.030864197530864,0.818,1.09,0.307,0.47700000000000004,0.127
2006_Angels,2006,Angels,0.5493827160493827,0.9814814814814815,0.078,0.15,0.301,0.274,0.334,0.425,0.327,15.024691358024691,12.24074074074074,0.815,0.98,0.29100000000000004,0.423,0.092
2013_Blue Jays,2013,Blue Jays,0.4567901234567901,1.1419753086419753,0.083,0.158,0.284,0.252,0.318,0.411,0.32,13.469135802469136,11.160493827160494,0.8290000000000001,1.21,0.293,0.44,0.12300000000000001
2007_Dodgers,2007,Dodgers,0.5061728395061729,0.7962962962962963,0.081,0.131,0.303,0.275,0.337,0.406,0.326,14.660493827160494,12.012345679012345,0.8190000000000001,0.91,0.301,0.455,0.096
2008_Tigers,2008,Tigers,0.4567901234567901,1.2345679012345678,0.09,0.173,0.301,0.271,0.34,0.444,0.343,14.808641975308642,12.12962962962963,0.8190000000000001,1.07,0.302,0.42,0.09699999999999999
2009_Mariners,2009,Mariners,0.5246913580246914,0.9876543209876543,0.069,0.14400000000000002,0.293,0.258,0.314,0.402,0.313,14.179012345679013,12.006172839506172,0.847,1.07,0.272,0.41200000000000003,0.09699999999999999
2008_Dodgers,2008,Dodgers,0.5185185185185185,0.845679012345679,0.08800000000000001,0.134,0.301,0.264,0.333,0.399,0.321,14.382716049382717,11.864197530864198,0.825,0.76,0.295,0.496,0.09300000000000001
2011_Nationals,2011,Nationals,0.4968944099378882,0.9565217391304348,0.077,0.14,0.292,0.242,0.309,0.383,0.305,14.490683229813664,12.01863354037267,0.8290000000000001,0.8,0.287,0.446,0.08199999999999999
2014_Marlins,2014,Marlins,0.47530864197530864,0.7530864197530864,0.081,0.125,0.316,0.253,0.317,0.378,0.307,14.679012345679013,11.777777777777779,0.802,0.7,0.31,0.469,0.08
2018_Reds,2018,Reds,0.41358024691358025,1.0617283950617284,0.09,0.14800000000000002,0.307,0.254,0.328,0.401,0.317,13.067901234567902,10.685185185185185,0.818,1.42,0.3,0.444,0.158
2009_Giants,2009,Giants,0.5432098765432098,0.7530864197530864,0.065,0.132,0.302,0.257,0.309,0.389,0.305,12.839506172839506,10.87037037037037,0.847,0.87,0.279,0.43,0.091
2010_Nationals,2010,Nationals,0.42592592592592593,0.9197530864197531,0.08199999999999999,0.14,0.294,0.25,0.318,0.39,0.313,14.209876543209877,11.697530864197532,0.823,0.95,0.297,0.445,0.094
2006_Athletics,2006,Athletics,0.5740740740740741,1.0802469135802468,0.10300000000000001,0.152,0.285,0.26,0.34,0.412,0.328,15.45679012345679,12.765432098765432,0.826,1.0,0.301,0.426,0.092
2013_Mets,2013,Mets,0.4567901234567901,0.8024691358024691,0.08199999999999999,0.129,0.29100000000000004,0.237,0.306,0.366,0.297,13.462962962962964,11.216049382716049,0.833,0.93,0.295,0.445,0.1
2015_Reds,2015,Reds,0.3950617283950617,1.0308641975308641,0.08,0.146,0.29,0.248,0.312,0.394,0.307,13.58641975308642,11.222222222222221,0.826,1.1,0.297,0.441,0.121
2019_Mariners,2019,Mariners,0.41975308641975306,1.4753086419753085,0.095,0.187,0.287,0.237,0.316,0.424,0.314,13.320987654320987,10.67283950617284,0.8009999999999999,1.63,0.29100000000000004,0.434,0.16399999999999998
2015_Padres,2015,Padres,0.4567901234567901,0.9135802469135802,0.071,0.142,0.292,0.243,0.3,0.385,0.298,12.691358024691358,10.32716049382716,0.8140000000000001,1.07,0.303,0.469,0.133
2014_Mariners,2014,Mariners,0.5370370370370371,0.8395061728395061,0.066,0.132,0.29,0.244,0.3,0.376,0.299,13.04320987654321,10.87037037037037,0.833,0.85,0.275,0.45399999999999996,0.099
2018_Rockies,2018,Rockies,0.558282208588957,1.2883435582822085,0.08199999999999999,0.179,0.304,0.256,0.322,0.435,0.325,12.134969325153374,9.94478527607362,0.82,1.14,0.299,0.452,0.135
2007_Blue Jays,2007,Blue Jays,0.5123456790123457,1.0185185185185186,0.086,0.16,0.29,0.259,0.327,0.419,0.326,15.037037037037036,12.641975308641975,0.841,0.98,0.282,0.48700000000000004,0.106
2016_Rangers,2016,Rangers,0.5864197530864198,1.3271604938271604,0.07200000000000001,0.172,0.298,0.262,0.322,0.433,0.324,13.746913580246913,10.987654320987655,0.799,1.25,0.292,0.455,0.135
2014_Twins,2014,Twins,0.43209876543209874,0.7901234567901234,0.087,0.135,0.309,0.254,0.324,0.389,0.316,14.901234567901234,12.32716049382716,0.8270000000000001,0.92,0.315,0.418,0.086
2006_Red Sox,2006,Red Sox,0.5308641975308642,1.1851851851851851,0.10400000000000001,0.166,0.298,0.269,0.35100000000000003,0.435,0.34,15.555555555555555,12.45679012345679,0.8009999999999999,1.13,0.311,0.43799999999999994,0.10800000000000001
2018_Twins,2018,Twins,0.48148148148148145,1.0246913580246915,0.087,0.155,0.298,0.25,0.318,0.405,0.313,12.018518518518519,9.604938271604938,0.799,1.23,0.302,0.41600000000000004,0.132
2010_Marlins,2010,Marlins,0.49382716049382713,0.9382716049382716,0.083,0.149,0.309,0.254,0.321,0.403,0.318,14.098765432098766,11.38888888888889,0.8079999999999999,0.84,0.301,0.436,0.081
2006_Brewers,2006,Brewers,0.46296296296296297,1.1111111111111112,0.08199999999999999,0.162,0.3,0.258,0.327,0.42,0.322,13.697530864197532,11.216049382716049,0.8190000000000001,1.12,0.297,0.42100000000000004,0.10800000000000001
2012_Mets,2012,Mets,0.4567901234567901,0.8580246913580247,0.083,0.13699999999999998,0.298,0.249,0.316,0.386,0.306,12.876543209876543,10.734567901234568,0.8340000000000001,1.01,0.29,0.426,0.105
2006_Rangers,2006,Rangers,0.49382716049382713,1.1296296296296295,0.081,0.168,0.311,0.278,0.338,0.446,0.337,15.67283950617284,12.833333333333334,0.8190000000000001,1.02,0.307,0.46399999999999997,0.10400000000000001
2017_Braves,2017,Braves,0.4444444444444444,1.0185185185185186,0.076,0.15,0.305,0.263,0.326,0.412,0.316,13.061728395061728,10.444444444444445,0.8,1.2,0.302,0.445,0.125
2007_Padres,2007,Padres,0.5460122699386503,1.049079754601227,0.08800000000000001,0.16,0.29100000000000004,0.251,0.322,0.411,0.32,14.993865030674847,12.466257668711657,0.831,0.72,0.287,0.45799999999999996,0.07400000000000001
2010_White Sox,2010,White Sox,0.5432098765432098,1.0925925925925926,0.076,0.152,0.292,0.268,0.332,0.42,0.332,14.716049382716049,11.75925925925926,0.799,0.85,0.305,0.449,0.084
2006_Giants,2006,Giants,0.4720496894409938,1.0124223602484472,0.081,0.163,0.282,0.259,0.324,0.422,0.32,15.055900621118013,12.751552795031056,0.847,0.96,0.287,0.419,0.08900000000000001
2016_Diamondbacks,2016,Diamondbacks,0.42592592592592593,1.1728395061728396,0.07400000000000001,0.171,0.315,0.261,0.32,0.4320000000000001,0.321,13.549382716049383,10.753086419753087,0.794,1.25,0.32,0.46,0.141
2011_Blue Jays,2011,Blue Jays,0.5,1.1481481481481481,0.085,0.16399999999999998,0.28300000000000003,0.249,0.317,0.413,0.319,13.75925925925926,11.654320987654321,0.847,1.1,0.29,0.444,0.113
2009_Padres,2009,Padres,0.46296296296296297,0.8703703703703703,0.095,0.138,0.284,0.242,0.321,0.381,0.309,14.012345679012345,11.438271604938272,0.816,1.04,0.294,0.435,0.10099999999999999
2007_Reds,2007,Reds,0.4444444444444444,1.2592592592592593,0.085,0.17,0.298,0.267,0.335,0.436,0.335,15.24074074074074,12.395061728395062,0.813,1.23,0.31,0.4,0.107
2016_Yankees,2016,Yankees,0.5185185185185185,1.1296296296296295,0.078,0.153,0.289,0.252,0.314,0.405,0.311,12.419753086419753,10.0,0.805,1.35,0.292,0.469,0.155
2008_White Sox,2008,White Sox,0.5460122699386503,1.4417177914110428,0.087,0.185,0.281,0.263,0.332,0.448,0.339,14.429447852760736,11.85276073619632,0.821,0.96,0.298,0.455,0.1
2014_Cubs,2014,Cubs,0.4506172839506173,0.9691358024691358,0.07200000000000001,0.146,0.29600000000000004,0.239,0.3,0.385,0.303,13.697530864197532,11.290123456790123,0.8240000000000001,0.71,0.304,0.44,0.08
2015_Marlins,2015,Marlins,0.4382716049382716,0.7407407407407407,0.063,0.124,0.307,0.26,0.31,0.384,0.302,13.506172839506172,11.216049382716049,0.83,0.89,0.294,0.445,0.095
2007_Mariners,2007,Mariners,0.5432098765432098,0.9444444444444444,0.063,0.138,0.313,0.287,0.337,0.425,0.333,15.123456790123457,12.135802469135802,0.802,0.92,0.315,0.436,0.084
2007_Rangers,2007,Rangers,0.46296296296296297,1.1049382716049383,0.081,0.163,0.305,0.263,0.328,0.426,0.329,15.407407407407407,12.54320987654321,0.8140000000000001,0.98,0.303,0.465,0.09699999999999999
2009_Nationals,2009,Nationals,0.36419753086419754,0.9629629629629629,0.098,0.14800000000000002,0.302,0.258,0.337,0.406,0.327,14.617283950617283,12.006172839506172,0.821,1.09,0.29600000000000004,0.444,0.10300000000000001
2010_Mets,2010,Mets,0.4876543209876543,0.7901234567901234,0.08199999999999999,0.134,0.287,0.249,0.314,0.383,0.307,14.216049382716049,11.462962962962964,0.8059999999999999,0.84,0.29600000000000004,0.44799999999999995,0.084
2007_Orioles,2007,Orioles,0.42592592592592593,0.8765432098765432,0.08,0.141,0.302,0.272,0.333,0.412,0.327,15.666666666666666,12.82716049382716,0.8190000000000001,1.01,0.302,0.449,0.09699999999999999
2009_Tigers,2009,Tigers,0.5276073619631901,1.1226993865030674,0.087,0.156,0.294,0.26,0.331,0.416,0.328,13.779141104294478,11.595092024539877,0.841,1.13,0.293,0.42700000000000005,0.106
2018_Mets,2018,Mets,0.47530864197530864,1.0493827160493827,0.092,0.154,0.28300000000000003,0.234,0.312,0.389,0.305,12.160493827160494,9.808641975308642,0.807,1.14,0.295,0.42100000000000004,0.122
2011_Padres,2011,Padres,0.4382716049382716,0.5617283950617284,0.08199999999999999,0.112,0.294,0.237,0.305,0.349,0.29,12.919753086419753,10.950617283950617,0.848,0.78,0.28300000000000003,0.44,0.08199999999999999
2016_White Sox,2016,White Sox,0.48148148148148145,1.037037037037037,0.07400000000000001,0.153,0.304,0.257,0.317,0.41,0.314,13.222222222222221,10.654320987654321,0.8059999999999999,1.15,0.298,0.431,0.12
2014_Reds,2014,Reds,0.4691358024691358,0.808641975308642,0.069,0.127,0.284,0.238,0.29600000000000004,0.365,0.294,13.364197530864198,11.141975308641975,0.8340000000000001,1.01,0.277,0.451,0.11599999999999999
2008_Athletics,2008,Athletics,0.4658385093167702,0.7763975155279503,0.094,0.127,0.289,0.242,0.318,0.369,0.306,14.217391304347826,12.049689440993788,0.848,0.85,0.287,0.41200000000000003,0.08
2012_Orioles,2012,Orioles,0.5740740740740741,1.3209876543209877,0.078,0.17,0.28600000000000003,0.247,0.311,0.417,0.317,13.987654320987655,11.555555555555555,0.826,1.12,0.285,0.447,0.11699999999999999
2009_Athletics,2009,Athletics,0.46296296296296297,0.8333333333333334,0.084,0.135,0.298,0.262,0.328,0.397,0.32,14.38888888888889,11.87037037037037,0.825,0.97,0.302,0.441,0.092
2013_Yankees,2013,Yankees,0.5246913580246914,0.8888888888888888,0.077,0.133,0.285,0.242,0.307,0.376,0.301,13.395061728395062,10.895061728395062,0.813,1.06,0.302,0.44,0.115
2009_Indians,2009,Indians,0.4012345679012346,0.9938271604938271,0.092,0.153,0.308,0.264,0.339,0.417,0.333,14.666666666666666,12.074074074074074,0.823,1.15,0.305,0.431,0.10300000000000001
2009_Cubs,2009,Cubs,0.515527950310559,1.0,0.095,0.152,0.29600000000000004,0.255,0.332,0.407,0.324,13.335403726708075,11.173913043478262,0.838,1.0,0.285,0.428,0.1
2011_Cubs,2011,Cubs,0.4382716049382716,0.9135802469135802,0.069,0.14400000000000002,0.301,0.256,0.314,0.401,0.314,13.333333333333334,10.882716049382717,0.816,1.02,0.301,0.43,0.10300000000000001
2012_Blue Jays,2012,Blue Jays,0.4506172839506173,1.2222222222222223,0.078,0.161,0.281,0.245,0.309,0.407,0.311,13.814814814814815,11.506172839506172,0.833,1.27,0.29100000000000004,0.465,0.141
2007_Royals,2007,Royals,0.42592592592592593,0.6296296296296297,0.07,0.126,0.305,0.261,0.322,0.388,0.312,15.401234567901234,12.993827160493828,0.8440000000000001,1.05,0.304,0.41100000000000003,0.09300000000000001
2017_Tigers,2017,Tigers,0.3950617283950617,1.154320987654321,0.08199999999999999,0.166,0.306,0.258,0.324,0.424,0.321,13.283950617283951,10.783950617283951,0.812,1.38,0.32,0.39399999999999996,0.128
2013_Cubs,2013,Cubs,0.4074074074074074,1.0617283950617284,0.07200000000000001,0.154,0.275,0.238,0.3,0.392,0.304,13.067901234567902,11.11111111111111,0.85,0.99,0.279,0.424,0.10300000000000001
2014_Indians,2014,Indians,0.5246913580246914,0.8765432098765432,0.081,0.136,0.29600000000000004,0.253,0.317,0.389,0.313,13.648148148148149,11.018518518518519,0.807,0.83,0.309,0.467,0.1
2010_Angels,2010,Angels,0.49382716049382713,0.9567901234567902,0.077,0.142,0.281,0.248,0.311,0.39,0.31,14.302469135802468,11.851851851851851,0.8290000000000001,0.92,0.292,0.426,0.085
2017_White Sox,2017,White Sox,0.41358024691358025,1.1481481481481481,0.066,0.161,0.309,0.256,0.314,0.417,0.313,12.660493827160494,10.302469135802468,0.8140000000000001,1.53,0.281,0.419,0.147
2007_Twins,2007,Twins,0.4876543209876543,0.7283950617283951,0.083,0.127,0.29100000000000004,0.264,0.33,0.391,0.317,15.141975308641975,12.37037037037037,0.8170000000000001,1.16,0.301,0.429,0.106
2020_White Sox,2020,White Sox,0.5833333333333334,1.6,0.079,0.192,0.314,0.261,0.326,0.453,0.334,11.116666666666667,8.9,0.8009999999999999,1.21,0.269,0.442,0.145
2008_Padres,2008,Padres,0.3888888888888889,0.9506172839506173,0.083,0.14,0.294,0.25,0.317,0.39,0.311,14.037037037037036,11.75925925925926,0.838,1.02,0.294,0.424,0.10099999999999999
2008_Reds,2008,Reds,0.4567901234567901,1.154320987654321,0.09,0.161,0.278,0.247,0.321,0.408,0.319,13.722222222222221,11.277777777777779,0.8220000000000001,1.25,0.312,0.42700000000000005,0.127
2012_Dodgers,2012,Dodgers,0.5308641975308642,0.7160493827160493,0.079,0.122,0.298,0.252,0.317,0.374,0.302,13.006172839506172,11.080246913580247,0.852,0.76,0.28300000000000003,0.455,0.08900000000000001
2010_Cubs,2010,Cubs,0.46296296296296297,0.9197530864197531,0.078,0.145,0.304,0.257,0.32,0.401,0.318,13.524691358024691,11.006172839506172,0.8140000000000001,0.96,0.298,0.433,0.095
2006_Cubs,2006,Cubs,0.4074074074074074,1.0246913580246915,0.064,0.154,0.294,0.268,0.319,0.422,0.32,13.722222222222221,11.493827160493828,0.838,1.31,0.28600000000000003,0.41600000000000004,0.128
2011_Marlins,2011,Marlins,0.4444444444444444,0.9197530864197531,0.087,0.142,0.29100000000000004,0.247,0.318,0.388,0.311,13.716049382716049,11.32716049382716,0.826,0.92,0.292,0.446,0.096
2017_Rockies,2017,Rockies,0.5370370370370371,1.1851851851851851,0.084,0.171,0.332,0.273,0.338,0.444,0.332,13.074074074074074,10.432098765432098,0.7979999999999999,1.19,0.305,0.485,0.142
2014_Astros,2014,Astros,0.43209876543209874,1.0061728395061729,0.08199999999999999,0.141,0.298,0.242,0.309,0.383,0.308,13.37037037037037,10.567901234567902,0.79,0.87,0.299,0.46399999999999997,0.096
2013_Rockies,2013,Rockies,0.4567901234567901,0.9814814814814815,0.069,0.149,0.317,0.27,0.32299999999999995,0.418,0.324,14.067901234567902,11.771604938271604,0.8370000000000001,0.85,0.314,0.474,0.1
2006_Rockies,2006,Rockies,0.4691358024691358,0.9691358024691358,0.08800000000000001,0.163,0.31,0.27,0.341,0.433,0.333,15.438271604938272,12.709876543209877,0.823,0.96,0.304,0.457,0.096
2010_Rockies,2010,Rockies,0.5123456790123457,1.0679012345679013,0.09300000000000001,0.162,0.31,0.263,0.336,0.425,0.333,13.987654320987655,11.506172839506172,0.823,0.87,0.302,0.465,0.096
2019_Padres,2019,Padres,0.43209876543209874,1.3518518518518519,0.084,0.172,0.293,0.238,0.308,0.41,0.305,12.006172839506172,9.567901234567902,0.797,1.35,0.299,0.43,0.14800000000000002
2011_Astros,2011,Astros,0.345679012345679,0.5864197530864198,0.065,0.116,0.308,0.258,0.311,0.374,0.301,13.62962962962963,11.283950617283951,0.828,1.18,0.301,0.43200000000000005,0.12
2014_White Sox,2014,White Sox,0.4506172839506173,0.9567901234567902,0.069,0.146,0.306,0.253,0.31,0.398,0.312,14.320987654320987,11.401234567901234,0.7959999999999999,0.87,0.306,0.461,0.094
2010_Dodgers,2010,Dodgers,0.49382716049382713,0.7407407407407407,0.087,0.127,0.299,0.252,0.322,0.379,0.309,13.561728395061728,11.358024691358025,0.838,0.84,0.287,0.446,0.086
2018_Blue Jays,2018,Blue Jays,0.4506172839506173,1.3395061728395061,0.08199999999999999,0.183,0.28600000000000003,0.244,0.312,0.4270000000000001,0.319,12.493827160493828,10.074074074074074,0.8059999999999999,1.31,0.306,0.425,0.127
2007_Nationals,2007,Nationals,0.4506172839506173,0.7592592592592593,0.085,0.134,0.3,0.256,0.325,0.39,0.315,15.382716049382717,12.648148148148149,0.8220000000000001,1.16,0.28600000000000003,0.397,0.096
2014_Diamondbacks,2014,Diamondbacks,0.3950617283950617,0.7283950617283951,0.065,0.127,0.293,0.248,0.302,0.376,0.3,13.283950617283951,10.88888888888889,0.82,0.96,0.312,0.461,0.111
2020_Padres,2020,Padres,0.6166666666666667,1.5833333333333333,0.091,0.209,0.29100000000000004,0.257,0.333,0.466,0.341,10.25,8.5,0.8290000000000001,1.21,0.29,0.425,0.141
2014_Braves,2014,Braves,0.4876543209876543,0.7592592592592593,0.078,0.119,0.298,0.241,0.305,0.36,0.29600000000000004,13.314814814814815,10.728395061728396,0.8059999999999999,0.75,0.3,0.42700000000000005,0.083
2009_Mets,2009,Mets,0.43209876543209874,0.5864197530864198,0.085,0.124,0.307,0.27,0.335,0.394,0.32,13.808641975308642,11.524691358024691,0.835,1.0,0.292,0.425,0.091
2012_Royals,2012,Royals,0.4444444444444444,0.808641975308642,0.066,0.135,0.302,0.265,0.317,0.4,0.311,13.790123456790123,11.277777777777779,0.818,1.01,0.311,0.43200000000000005,0.105
2009_Astros,2009,Astros,0.4567901234567901,0.8765432098765432,0.07400000000000001,0.14,0.293,0.26,0.319,0.4,0.315,14.049382716049383,11.487654320987655,0.818,1.11,0.311,0.456,0.115
2016_Brewers,2016,Brewers,0.4506172839506173,1.1975308641975309,0.099,0.163,0.304,0.244,0.322,0.407,0.315,12.864197530864198,10.339506172839506,0.804,1.12,0.3,0.46,0.124
2015_Brewers,2015,Brewers,0.41975308641975306,0.8950617283950617,0.068,0.142,0.303,0.251,0.307,0.393,0.304,13.419753086419753,11.0,0.82,1.1,0.303,0.461,0.127
2012_Twins,2012,Twins,0.4074074074074074,0.808641975308642,0.081,0.13,0.298,0.26,0.325,0.39,0.313,14.91358024691358,12.382716049382717,0.83,1.24,0.294,0.457,0.127
2020_Dodgers,2020,Dodgers,0.7166666666666667,1.9666666666666666,0.098,0.227,0.276,0.256,0.338,0.483,0.35,10.816666666666666,8.75,0.809,1.1,0.252,0.46299999999999997,0.132
2007_Pirates,2007,Pirates,0.41975308641975306,0.9135802469135802,0.075,0.149,0.303,0.263,0.325,0.411,0.322,15.444444444444445,12.481481481481481,0.8079999999999999,1.08,0.315,0.441,0.1
2007_Astros,2007,Astros,0.4506172839506173,1.0308641975308641,0.086,0.152,0.29100000000000004,0.26,0.33,0.412,0.325,15.234567901234568,12.351851851851851,0.8109999999999999,1.27,0.3,0.44,0.115
2016_Twins,2016,Twins,0.36419753086419754,1.2345679012345678,0.08199999999999999,0.171,0.3,0.251,0.316,0.421,0.317,13.709876543209877,10.962962962962964,0.8,1.38,0.319,0.43,0.139
2011_Orioles,2011,Orioles,0.42592592592592593,1.1790123456790123,0.073,0.156,0.28800000000000003,0.257,0.316,0.413,0.32,14.598765432098766,12.012345679012345,0.823,1.31,0.302,0.431,0.121
2018_Phillies,2018,Phillies,0.49382716049382713,1.1481481481481481,0.095,0.158,0.289,0.234,0.314,0.393,0.307,11.814814814814815,9.487654320987655,0.8029999999999999,1.06,0.303,0.45399999999999996,0.124
2015_Twins,2015,Twins,0.5123456790123457,0.9629629629629629,0.073,0.152,0.292,0.247,0.305,0.399,0.305,14.444444444444445,11.925925925925926,0.826,1.02,0.3,0.44,0.10400000000000001
2016_Reds,2016,Reds,0.41975308641975306,1.0123456790123457,0.07400000000000001,0.152,0.303,0.256,0.316,0.408,0.311,13.277777777777779,10.981481481481481,0.8270000000000001,1.61,0.29,0.41600000000000004,0.159
2018_Royals,2018,Royals,0.35802469135802467,0.9567901234567902,0.07,0.146,0.293,0.245,0.305,0.392,0.303,13.191358024691358,10.530864197530864,0.7979999999999999,1.29,0.309,0.431,0.13
2016_Royals,2016,Royals,0.5,0.9074074074074074,0.063,0.139,0.309,0.261,0.312,0.4,0.307,13.407407407407407,10.864197530864198,0.81,1.29,0.298,0.44299999999999995,0.134
2011_Rockies,2011,Rockies,0.4506172839506173,1.0061728395061729,0.08800000000000001,0.152,0.3,0.258,0.329,0.41,0.324,13.722222222222221,11.469135802469136,0.836,1.09,0.298,0.461,0.11599999999999999
2014_Padres,2014,Padres,0.47530864197530864,0.6728395061728395,0.079,0.115,0.277,0.226,0.292,0.342,0.28300000000000003,13.283950617283951,10.95679012345679,0.825,0.73,0.289,0.452,0.086
2011_White Sox,2011,White Sox,0.4876543209876543,0.9506172839506173,0.077,0.136,0.28,0.252,0.319,0.388,0.312,13.864197530864198,11.598765432098766,0.8370000000000001,0.91,0.303,0.442,0.094
2009_Orioles,2009,Orioles,0.3950617283950617,0.9876543209876543,0.083,0.147,0.3,0.268,0.332,0.415,0.328,15.17283950617284,12.580246913580247,0.8290000000000001,1.37,0.307,0.41700000000000004,0.11599999999999999
2014_Rangers,2014,Rangers,0.41358024691358025,0.6851851851851852,0.069,0.119,0.305,0.256,0.314,0.375,0.305,13.67283950617284,11.055555555555555,0.809,1.01,0.31,0.395,0.09300000000000001
2014_Phillies,2014,Phillies,0.4506172839506173,0.7716049382716049,0.071,0.121,0.292,0.242,0.302,0.363,0.295,14.234567901234568,11.82716049382716,0.831,0.82,0.295,0.46399999999999997,0.094
2019_Blue Jays,2019,Blue Jays,0.41358024691358025,1.5246913580246915,0.084,0.192,0.28,0.236,0.305,0.428,0.31,12.135802469135802,9.648148148148149,0.795,1.42,0.3,0.431,0.149
2018_Rangers,2018,Rangers,0.41358024691358025,1.1975308641975309,0.09,0.16399999999999998,0.292,0.24,0.318,0.404,0.315,13.45679012345679,11.006172839506172,0.818,1.4,0.299,0.43,0.141
2015_Athletics,2015,Athletics,0.41975308641975306,0.9012345679012346,0.077,0.14400000000000002,0.28800000000000003,0.251,0.312,0.395,0.308,13.5,11.018518518518519,0.816,1.07,0.289,0.45,0.114
2017_Orioles,2017,Orioles,0.46296296296296297,1.4320987654320987,0.064,0.175,0.306,0.26,0.312,0.435,0.318,13.0,10.395061728395062,0.8,1.51,0.302,0.446,0.154
2012_Cubs,2012,Cubs,0.3765432098765432,0.845679012345679,0.075,0.138,0.28600000000000003,0.24,0.302,0.378,0.297,13.25925925925926,10.944444444444445,0.825,1.11,0.29100000000000004,0.43200000000000005,0.11800000000000001
2020_Braves,2020,Braves,0.5833333333333334,1.7166666666666666,0.102,0.215,0.322,0.268,0.349,0.483,0.355,11.583333333333334,9.5,0.82,1.18,0.294,0.43700000000000006,0.132
2017_Royals,2017,Royals,0.49382716049382713,1.191358024691358,0.065,0.16,0.295,0.259,0.311,0.42,0.312,13.469135802469136,10.765432098765432,0.799,1.23,0.303,0.43700000000000006,0.12
2019_Reds,2019,Reds,0.46296296296296297,1.4012345679012346,0.081,0.17800000000000002,0.28800000000000003,0.244,0.315,0.422,0.312,11.234567901234568,8.969135802469136,0.7979999999999999,1.34,0.28600000000000003,0.44299999999999995,0.16399999999999998
2016_Padres,2016,Padres,0.41975308641975306,1.0925925925925926,0.075,0.155,0.29100000000000004,0.235,0.299,0.39,0.297,12.993827160493828,10.395061728395062,0.8,1.14,0.29600000000000004,0.46399999999999997,0.126
2019_White Sox,2019,White Sox,0.4472049689440994,1.1304347826086956,0.063,0.153,0.329,0.261,0.314,0.414,0.309,11.956521739130435,9.490683229813664,0.794,1.52,0.302,0.43200000000000005,0.159
2010_Indians,2010,Indians,0.42592592592592593,0.7901234567901234,0.08800000000000001,0.13,0.293,0.248,0.322,0.378,0.311,15.37037037037037,12.524691358024691,0.815,0.92,0.297,0.479,0.09300000000000001
2019_Pirates,2019,Pirates,0.42592592592592593,1.0061728395061729,0.068,0.156,0.309,0.265,0.321,0.42,0.313,12.08641975308642,9.493827160493828,0.785,1.51,0.315,0.42200000000000004,0.157
2006_Diamondbacks,2006,Diamondbacks,0.4691358024691358,0.9876543209876543,0.08,0.157,0.294,0.267,0.331,0.424,0.326,15.197530864197532,12.41358024691358,0.8170000000000001,1.04,0.299,0.46799999999999997,0.111
2013_Twins,2013,Twins,0.4074074074074074,0.9320987654320988,0.086,0.138,0.298,0.242,0.312,0.38,0.307,14.61111111111111,12.277777777777779,0.84,1.04,0.309,0.43700000000000006,0.102
2017_Blue Jays,2017,Blue Jays,0.4691358024691358,1.3703703703703705,0.08800000000000001,0.172,0.276,0.24,0.312,0.412,0.312,13.0,10.54320987654321,0.8109999999999999,1.25,0.303,0.45399999999999996,0.133
2012_Marlins,2012,Marlins,0.42592592592592593,0.845679012345679,0.08,0.138,0.289,0.244,0.308,0.382,0.3,14.228395061728396,11.746913580246913,0.826,0.83,0.3,0.45,0.092
2017_Giants,2017,Giants,0.3950617283950617,0.7901234567901234,0.076,0.132,0.294,0.249,0.309,0.38,0.29600000000000004,13.518518518518519,11.080246913580247,0.82,1.13,0.308,0.425,0.115
2007_Giants,2007,Giants,0.4382716049382716,0.808641975308642,0.086,0.133,0.281,0.254,0.322,0.387,0.31,15.061728395061728,12.506172839506172,0.83,0.82,0.293,0.43,0.077
2009_Pirates,2009,Pirates,0.38509316770186336,0.7763975155279503,0.08199999999999999,0.135,0.29600000000000004,0.252,0.318,0.387,0.31,14.037267080745341,11.664596273291925,0.831,0.96,0.3,0.43799999999999994,0.091
2017_Phillies,2017,Phillies,0.4074074074074074,1.0740740740740742,0.081,0.159,0.304,0.25,0.315,0.409,0.31,12.641975308641975,10.185185185185185,0.8059999999999999,1.38,0.304,0.429,0.141
2012_Rockies,2012,Rockies,0.3950617283950617,1.0246913580246915,0.073,0.163,0.321,0.274,0.33,0.436,0.331,14.006172839506172,11.395061728395062,0.8140000000000001,1.25,0.325,0.452,0.13699999999999998
2008_Giants,2008,Giants,0.4444444444444444,0.5802469135802469,0.07400000000000001,0.12,0.305,0.262,0.321,0.382,0.309,13.592592592592593,11.444444444444445,0.8420000000000001,0.92,0.3,0.392,0.08800000000000001
2006_Rays,2006,Rays,0.3765432098765432,1.1728395061728396,0.073,0.165,0.285,0.255,0.314,0.42,0.316,15.580246913580247,12.438271604938272,0.7979999999999999,1.14,0.312,0.425,0.10300000000000001
2012_Pirates,2012,Pirates,0.4876543209876543,1.0493827160493827,0.07400000000000001,0.152,0.29100000000000004,0.243,0.304,0.395,0.304,13.703703703703704,11.481481481481481,0.838,0.96,0.28600000000000003,0.466,0.11
2019_Rockies,2019,Rockies,0.4382716049382716,1.382716049382716,0.078,0.19,0.321,0.265,0.326,0.456,0.328,12.808641975308642,10.283950617283951,0.8029999999999999,1.68,0.308,0.461,0.19
2017_Rangers,2017,Rangers,0.48148148148148145,1.462962962962963,0.08900000000000001,0.18600000000000005,0.29100000000000004,0.244,0.32,0.43,0.321,13.469135802469136,10.944444444444445,0.813,1.34,0.289,0.442,0.136
2020_Mets,2020,Mets,0.43333333333333335,1.4333333333333333,0.086,0.187,0.32,0.272,0.348,0.459,0.34700000000000003,10.383333333333333,8.233333333333333,0.7929999999999999,1.42,0.316,0.41700000000000004,0.158
2017_Pirates,2017,Pirates,0.46296296296296297,0.9320987654320988,0.085,0.142,0.28600000000000003,0.244,0.318,0.386,0.304,12.574074074074074,10.11111111111111,0.804,1.14,0.306,0.452,0.129
2007_Diamondbacks,2007,Diamondbacks,0.5555555555555556,1.0555555555555556,0.087,0.163,0.282,0.25,0.321,0.413,0.32,14.87037037037037,12.123456790123457,0.815,1.06,0.293,0.439,0.10300000000000001
2019_Giants,2019,Giants,0.47530864197530864,1.0308641975308641,0.077,0.153,0.29,0.239,0.302,0.392,0.295,12.45679012345679,10.135802469135802,0.8140000000000001,1.39,0.28600000000000003,0.42200000000000004,0.151
2013_Mariners,2013,Mariners,0.4382716049382716,1.1604938271604939,0.086,0.152,0.279,0.237,0.306,0.39,0.307,14.290123456790123,11.697530864197532,0.8190000000000001,1.07,0.303,0.45299999999999996,0.11800000000000001
2018_Marlins,2018,Marlins,0.391304347826087,0.7950310559006211,0.075,0.119,0.293,0.237,0.303,0.35700000000000004,0.289,12.31055900621118,10.130434782608695,0.823,1.2,0.29,0.409,0.121
2015_Braves,2015,Braves,0.41358024691358025,0.6172839506172839,0.078,0.108,0.297,0.251,0.314,0.359,0.29600000000000004,13.67283950617284,11.067901234567902,0.809,1.07,0.305,0.434,0.113
2010_Royals,2010,Royals,0.41358024691358025,0.7469135802469136,0.076,0.126,0.305,0.274,0.331,0.399,0.32299999999999995,15.339506172839506,12.487654320987655,0.8140000000000001,1.1,0.304,0.425,0.098
2020_Giants,2020,Giants,0.48333333333333334,1.35,0.086,0.187,0.311,0.263,0.335,0.451,0.337,11.05,8.8,0.7959999999999999,1.2,0.281,0.38799999999999996,0.121
2020_Yankees,2020,Yankees,0.55,1.5666666666666667,0.114,0.2,0.28,0.247,0.342,0.447,0.341,10.783333333333333,8.683333333333334,0.805,1.49,0.28,0.429,0.16
2016_Braves,2016,Braves,0.422360248447205,0.7577639751552795,0.081,0.13,0.305,0.255,0.321,0.384,0.304,13.335403726708075,10.559006211180124,0.792,1.1,0.293,0.447,0.11699999999999999
2015_Rockies,2015,Rockies,0.41975308641975306,1.1481481481481481,0.064,0.16699999999999998,0.313,0.265,0.315,0.4320000000000001,0.321,13.75925925925926,11.11111111111111,0.8079999999999999,1.15,0.318,0.47700000000000004,0.132
2020_Athletics,2020,Athletics,0.6,1.1833333333333333,0.10800000000000001,0.171,0.271,0.225,0.322,0.396,0.314,11.666666666666666,9.466666666666667,0.8109999999999999,1.21,0.285,0.41200000000000003,0.12300000000000001
2010_Orioles,2010,Orioles,0.4074074074074074,0.8209876543209876,0.069,0.127,0.29600000000000004,0.259,0.316,0.386,0.31,15.141975308641975,12.395061728395062,0.8190000000000001,1.17,0.294,0.42100000000000004,0.102
2008_Diamondbacks,2008,Diamondbacks,0.5061728395061729,0.9814814814814815,0.095,0.16399999999999998,0.299,0.251,0.327,0.415,0.324,13.820987654320987,11.302469135802468,0.818,0.92,0.297,0.45299999999999996,0.099
2016_Phillies,2016,Phillies,0.4382716049382716,0.9938271604938271,0.071,0.14400000000000002,0.292,0.24,0.301,0.385,0.29600000000000004,12.419753086419753,10.308641975308642,0.83,1.33,0.304,0.41,0.138
2020_Rays,2020,Rays,0.6666666666666666,1.3333333333333333,0.107,0.187,0.3,0.238,0.328,0.425,0.325,10.883333333333333,8.75,0.804,1.19,0.29100000000000004,0.451,0.149
2020_Twins,2020,Twins,0.6,1.5166666666666666,0.086,0.18600000000000005,0.28300000000000003,0.242,0.315,0.4270000000000001,0.319,9.916666666666666,8.016666666666667,0.8079999999999999,1.09,0.28800000000000003,0.408,0.121
2019_Royals,2019,Royals,0.36419753086419754,1.0,0.075,0.154,0.301,0.247,0.309,0.401,0.302,13.191358024691358,10.530864197530864,0.7979999999999999,1.4,0.311,0.439,0.147
2011_Indians,2011,Indians,0.49382716049382713,0.9506172839506173,0.08,0.146,0.297,0.25,0.317,0.396,0.314,14.641975308641975,12.320987654320987,0.841,0.95,0.293,0.45399999999999996,0.095
2019_Rangers,2019,Rangers,0.48148148148148145,1.376543209876543,0.086,0.183,0.304,0.248,0.319,0.431,0.317,12.938271604938272,10.296296296296296,0.7959999999999999,1.51,0.312,0.418,0.154
2020_Angels,2020,Angels,0.43333333333333335,1.4166666666666667,0.10400000000000001,0.182,0.284,0.248,0.332,0.43,0.329,10.9,8.8,0.807,1.4,0.287,0.39399999999999996,0.14
2012_Mariners,2012,Mariners,0.46296296296296297,0.9197530864197531,0.077,0.135,0.276,0.234,0.29600000000000004,0.369,0.29100000000000004,13.487654320987655,11.296296296296296,0.838,1.03,0.282,0.429,0.106
2013_Phillies,2013,Phillies,0.4506172839506173,0.8641975308641975,0.069,0.135,0.293,0.248,0.306,0.384,0.303,13.635802469135802,11.17283950617284,0.8190000000000001,0.95,0.306,0.445,0.10099999999999999
2018_White Sox,2018,White Sox,0.38271604938271603,1.123456790123457,0.07,0.16,0.304,0.241,0.302,0.401,0.304,12.24074074074074,9.728395061728396,0.795,1.23,0.292,0.408,0.11699999999999999
2015_Phillies,2015,Phillies,0.3888888888888889,0.8024691358024691,0.064,0.133,0.299,0.249,0.303,0.382,0.298,14.320987654320987,11.604938271604938,0.81,1.2,0.316,0.44,0.122
2015_White Sox,2015,White Sox,0.4691358024691358,0.8395061728395061,0.067,0.13,0.29600000000000004,0.25,0.306,0.38,0.3,13.11111111111111,10.506172839506172,0.8009999999999999,1.0,0.311,0.452,0.114
2009_White Sox,2009,White Sox,0.4876543209876543,1.1358024691358024,0.087,0.153,0.285,0.258,0.329,0.411,0.326,14.135802469135802,11.777777777777779,0.833,1.06,0.294,0.44299999999999995,0.10300000000000001
2008_Nationals,2008,Nationals,0.36645962732919257,0.7267080745341615,0.086,0.122,0.292,0.251,0.32299999999999995,0.373,0.31,14.46583850931677,11.944099378881987,0.826,1.19,0.29600000000000004,0.424,0.11599999999999999
2020_Cubs,2020,Cubs,0.5666666666666667,1.2333333333333334,0.10300000000000001,0.16699999999999998,0.27,0.22,0.318,0.387,0.309,10.766666666666667,8.883333333333333,0.825,1.28,0.278,0.45,0.16
2012_Indians,2012,Indians,0.41975308641975306,0.8395061728395061,0.09,0.131,0.28800000000000003,0.251,0.324,0.381,0.31,14.549382716049383,12.203703703703704,0.8390000000000001,1.09,0.3,0.45899999999999996,0.114
2008_Rockies,2008,Rockies,0.4567901234567901,0.9876543209876543,0.09,0.152,0.308,0.263,0.336,0.415,0.33,15.018518518518519,12.592592592592593,0.838,0.92,0.309,0.46799999999999997,0.1
2018_Padres,2018,Padres,0.4074074074074074,1.0,0.078,0.145,0.294,0.235,0.297,0.38,0.294,12.117283950617283,9.975308641975309,0.823,1.14,0.305,0.444,0.136
2006_Pirates,2006,Pirates,0.41358024691358025,0.8703703703703703,0.07400000000000001,0.134,0.31,0.263,0.327,0.397,0.315,14.975308641975309,12.006172839506172,0.802,0.98,0.312,0.455,0.10400000000000001
2020_Cardinals,2020,Cardinals,0.5172413793103449,0.8793103448275862,0.102,0.13699999999999998,0.29,0.234,0.32299999999999995,0.371,0.306,11.017241379310345,9.241379310344827,0.8390000000000001,1.31,0.25,0.444,0.154
2008_Mariners,2008,Mariners,0.3765432098765432,0.7654320987654321,0.068,0.124,0.294,0.265,0.318,0.389,0.31,14.814814814814815,12.197530864197532,0.823,1.01,0.307,0.447,0.098
2011_Athletics,2011,Athletics,0.4567901234567901,0.7037037037037037,0.083,0.125,0.28300000000000003,0.244,0.311,0.369,0.301,13.425925925925926,11.049382716049383,0.823,0.85,0.289,0.441,0.085
2008_Royals,2008,Royals,0.46296296296296297,0.7407407407407407,0.064,0.128,0.307,0.269,0.32,0.397,0.315,15.12962962962963,12.549382716049383,0.8290000000000001,0.99,0.298,0.419,0.092
2020_Red Sox,2020,Red Sox,0.4,1.35,0.081,0.18,0.321,0.265,0.33,0.445,0.333,11.8,8.983333333333333,0.7609999999999999,1.68,0.332,0.429,0.18899999999999997
2020_Royals,2020,Royals,0.43333333333333335,1.1333333333333333,0.078,0.158,0.297,0.244,0.309,0.402,0.308,11.333333333333334,8.9,0.785,1.32,0.303,0.444,0.15
2017_Padres,2017,Padres,0.4382716049382716,1.1666666666666667,0.077,0.16,0.287,0.234,0.299,0.393,0.298,12.709876543209877,10.037037037037036,0.79,1.42,0.299,0.475,0.16399999999999998
2018_Giants,2018,Giants,0.4506172839506173,0.8209876543209876,0.073,0.129,0.299,0.239,0.3,0.368,0.29,13.117283950617283,10.746913580246913,0.8190000000000001,0.96,0.293,0.445,0.11
2020_Phillies,2020,Phillies,0.4666666666666667,1.3666666666666667,0.10300000000000001,0.183,0.299,0.257,0.342,0.439,0.336,10.7,8.233333333333333,0.769,1.45,0.343,0.466,0.18600000000000003
2018_Tigers,2018,Tigers,0.3950617283950617,0.8333333333333334,0.071,0.138,0.293,0.241,0.3,0.38,0.295,12.314814814814815,10.092592592592593,0.82,1.36,0.29100000000000004,0.396,0.129
2011_Pirates,2011,Pirates,0.4444444444444444,0.6604938271604939,0.081,0.123,0.301,0.244,0.309,0.368,0.299,14.160493827160494,11.851851851851851,0.8370000000000001,0.94,0.3,0.456,0.098
2020_Indians,2020,Indians,0.5833333333333334,0.9833333333333333,0.106,0.14400000000000002,0.277,0.228,0.317,0.3720000000000001,0.303,10.266666666666667,8.566666666666666,0.8340000000000001,1.14,0.285,0.405,0.134
2020_Blue Jays,2020,Blue Jays,0.5333333333333333,1.4666666666666666,0.09,0.18600000000000005,0.297,0.255,0.325,0.441,0.329,11.616666666666667,9.05,0.779,1.39,0.302,0.431,0.149
2019_Orioles,2019,Orioles,0.3333333333333333,1.3148148148148149,0.075,0.168,0.293,0.246,0.31,0.415,0.308,12.38888888888889,10.024691358024691,0.809,1.9,0.295,0.405,0.174
2008_Pirates,2008,Pirates,0.41358024691358025,0.9444444444444444,0.076,0.145,0.29,0.258,0.32,0.403,0.317,15.314814814814815,12.648148148148149,0.826,1.09,0.311,0.44,0.10800000000000001
2012_Astros,2012,Astros,0.3395061728395062,0.9012345679012346,0.077,0.135,0.28800000000000003,0.236,0.302,0.371,0.29600000000000004,13.74074074074074,11.12962962962963,0.81,1.09,0.306,0.479,0.122
2020_Astros,2020,Astros,0.48333333333333334,1.15,0.086,0.168,0.273,0.24,0.312,0.408,0.311,11.05,8.983333333333333,0.813,1.2,0.28800000000000003,0.442,0.14
2013_White Sox,2013,White Sox,0.3888888888888889,0.9135802469135802,0.068,0.129,0.29100000000000004,0.249,0.302,0.378,0.299,13.493827160493828,11.092592592592593,0.8220000000000001,1.13,0.295,0.433,0.115
2010_Astros,2010,Astros,0.4691358024691358,0.6666666666666666,0.069,0.115,0.285,0.247,0.303,0.362,0.295,13.623456790123457,11.271604938271604,0.8270000000000001,0.88,0.305,0.44299999999999995,0.08800000000000001
2020_Tigers,2020,Tigers,0.39655172413793105,1.0689655172413792,0.071,0.152,0.314,0.245,0.303,0.397,0.303,11.655172413793103,9.379310344827585,0.805,1.66,0.297,0.42200000000000004,0.171
2020_Mariners,2020,Mariners,0.45,1.0,0.095,0.14400000000000002,0.281,0.226,0.309,0.37,0.298,11.0,8.833333333333334,0.8029999999999999,1.38,0.281,0.40299999999999997,0.135
2020_Diamondbacks,2020,Diamondbacks,0.4166666666666667,0.9666666666666667,0.081,0.15,0.282,0.241,0.312,0.391,0.306,10.366666666666667,8.433333333333334,0.8140000000000001,1.61,0.294,0.384,0.157
2020_Reds,2020,Reds,0.5166666666666667,1.5,0.113,0.191,0.245,0.212,0.312,0.403,0.312,9.333333333333334,7.65,0.82,1.2,0.278,0.43200000000000005,0.146
2011_Twins,2011,Twins,0.3888888888888889,0.6358024691358025,0.073,0.113,0.28800000000000003,0.247,0.306,0.36,0.29600000000000004,14.722222222222221,12.166666666666666,0.826,1.02,0.307,0.44,0.095
2020_Brewers,2020,Brewers,0.48333333333333334,1.25,0.10099999999999999,0.166,0.278,0.223,0.313,0.389,0.307,9.216666666666667,7.3,0.792,1.17,0.29600000000000004,0.466,0.152
2020_Orioles,2020,Orioles,0.4166666666666667,1.2833333333333334,0.073,0.171,0.309,0.258,0.321,0.429,0.32299999999999995,11.8,9.533333333333333,0.8079999999999999,1.37,0.282,0.426,0.146
2011_Mariners,2011,Mariners,0.41358024691358025,0.6728395061728395,0.073,0.115,0.28300000000000003,0.233,0.292,0.348,0.28300000000000003,13.932098765432098,11.67283950617284,0.838,0.91,0.285,0.43799999999999994,0.091
2020_Marlins,2020,Marlins,0.5166666666666667,1.0,0.08800000000000001,0.141,0.306,0.244,0.319,0.384,0.308,11.933333333333334,9.6,0.804,1.46,0.297,0.452,0.157
2013_Marlins,2013,Marlins,0.38271604938271603,0.5864197530864198,0.07200000000000001,0.104,0.28,0.231,0.293,0.335,0.279,13.567901234567902,11.462962962962964,0.845,0.75,0.292,0.45299999999999996,0.084
2020_Nationals,2020,Nationals,0.43333333333333335,1.1,0.087,0.17,0.308,0.264,0.336,0.433,0.33,10.616666666666667,8.4,0.7909999999999999,1.68,0.317,0.379,0.163
2016_Athletics,2016,Athletics,0.42592592592592593,1.0432098765432098,0.073,0.149,0.28,0.246,0.304,0.395,0.302,13.67283950617284,10.925925925925926,0.799,1.16,0.299,0.462,0.125
2007_White Sox,2007,White Sox,0.4444444444444444,1.1728395061728396,0.087,0.158,0.278,0.246,0.318,0.404,0.316,15.574074074074074,12.530864197530864,0.805,1.09,0.304,0.429,0.098
2020_Rockies,2020,Rockies,0.43333333333333335,1.05,0.071,0.14800000000000002,0.316,0.257,0.311,0.405,0.307,13.416666666666666,10.65,0.794,1.42,0.307,0.445,0.15
2019_Marlins,2019,Marlins,0.35185185185185186,0.9012345679012346,0.065,0.134,0.3,0.241,0.298,0.375,0.28800000000000003,11.604938271604938,9.395061728395062,0.81,1.47,0.281,0.38299999999999995,0.142
2010_Mariners,2010,Mariners,0.3765432098765432,0.6234567901234568,0.077,0.104,0.282,0.236,0.298,0.339,0.285,15.253086419753087,12.82716049382716,0.841,0.98,0.279,0.434,0.09
2009_Royals,2009,Royals,0.4012345679012346,0.8888888888888888,0.075,0.146,0.298,0.259,0.318,0.405,0.318,14.185185185185185,11.487654320987655,0.81,1.05,0.307,0.43799999999999994,0.1
2013_Astros,2013,Astros,0.3148148148148148,0.9135802469135802,0.071,0.136,0.304,0.24,0.299,0.375,0.298,14.067901234567902,11.506172839506172,0.818,1.19,0.303,0.439,0.11800000000000001
2010_Pirates,2010,Pirates,0.35185185185185186,0.7777777777777778,0.078,0.131,0.28800000000000003,0.242,0.304,0.373,0.3,14.604938271604938,11.450617283950617,0.784,1.06,0.311,0.44,0.1
2020_Pirates,2020,Pirates,0.31666666666666665,0.9833333333333333,0.078,0.13699999999999998,0.268,0.22,0.284,0.35700000000000004,0.279,10.7,8.683333333333334,0.812,1.4,0.28,0.434,0.162
2018_Orioles,2018,Orioles,0.29012345679012347,1.1604938271604939,0.07,0.152,0.28600000000000003,0.239,0.298,0.391,0.299,12.734567901234568,10.271604938271604,0.807,1.47,0.31,0.419,0.14400000000000002
2020_Rangers,2020,Rangers,0.36666666666666664,1.0333333333333334,0.078,0.147,0.266,0.217,0.285,0.364,0.28300000000000003,11.4,9.1,0.7979999999999999,1.41,0.277,0.406,0.14
2019_Tigers,2019,Tigers,0.2919254658385093,0.9254658385093167,0.065,0.14800000000000002,0.308,0.24,0.294,0.388,0.29,12.869565217391305,9.962732919254659,0.774,1.57,0.317,0.42700000000000005,0.159
